league,home_team,away_team,ft_date_logged,model_prob_over15,model_prob_over,model_prob_over35,model_prob_home,model_prob_draw,model_prob_away,model_prob_btts_yes,model_prob_btts_over25,ft_low_confidence,ft_settled,ht_date_logged,model_prob_ht_over15,ht_low_confidence,ht_settled,ft_first_seen,ht_first_seen,match_date,model_prob_btts_home,model_prob_btts_draw,model_prob_btts_away,kickoff_utc,model_prob_ht_over05,geh_settled,geh_date_logged,geh_first_seen,model_prob_goal_each_half,geh_low_confidence
National League,Yeovil,Tamworth,2026-08-31,,0.4663,,0.3878,0.2722,0.34,,,,True,2026-08-31,0.3273,,True,2026-08-31,2026-08-31,,,,,,,True,,,,
Serie A,Atalanta,Bologna,2026-08-31,,0.4417,,0.5337,0.2597,0.2066,,,,True,2026-08-31,0.345,,True,2026-08-31,2026-08-31,,,,,,,True,,,,
National League,Kidderminster,Barrow,2026-08-31,,0.3053,,0.3825,0.3189,0.2986,,,,True,2026-08-31,0.1095,,True,2026-08-31,2026-08-31,,,,,,,True,,,,
National League,Woking,Southend,2026-08-31,,0.3874,,0.2957,0.2911,0.4132,,,,True,2026-08-31,0.2476,,True,2026-08-31,2026-08-31,,,,,,,True,,,,
Brazil Serie A,Bahia,Internacional,2026-08-31,,0.4512,,0.4995,0.2681,0.2324,,,,True,,,,,2026-08-31,,,,,,,,True,,,,
Mexico Liga MX,Toluca,Juarez,2026-08-31,,0.6961,,0.7757,0.1438,0.0805,,,,True,,,,,2026-08-31,,,,,,,,True,,,,
Liga I,Benfica,Estoril,2026-08-31,,0.7231,,0.7824,0.1283,0.0893,,,,True,2026-08-31,0.7229,,True,2026-08-31,2026-08-31,,,,,,,True,,,,
La Liga 2,Burgos,Sociedad B,2026-08-31,,0.3552,,0.5012,0.2835,0.2153,,,,True,2026-08-31,0.3238,,True,2026-08-31,2026-08-31,,,,,,,True,,,,
National League,Carlisle,Scunthorpe,2026-08-31,,0.603,,0.5572,0.2224,0.2204,,,,True,2026-08-31,0.4929,,True,2026-08-31,2026-08-31,,,,,,,True,,,,
National League,Sutton,Wealdstone,2026-08-31,,0.5246,,0.4439,0.2553,0.3008,,,,True,2026-08-31,0.3708,,True,2026-08-31,2026-08-31,,,,,,,True,,,,
La Liga,Barcelona,Vallecano,2026-08-31,,0.7268,,0.7092,0.1597,0.1311,,,,True,2026-08-31,0.6309,,True,2026-08-31,2026-08-31,,,,,,,True,,,,
La Liga 2,Celta B,Castellon,2026-08-31,,0.7546,,0.7354,0.1474,0.1172,,,,True,2026-08-31,0.0096,,True,2026-08-31,2026-08-31,,,,,,,True,,,,
Ligi 1,Amedspor,Trabzonspor,2026-08-31,,0.7726,,0.0636,0.1238,0.8126,,,,True,2026-08-31,0.5632,,True,2026-08-31,2026-08-31,,,,,,,True,,,,
National League,Harrogate,Gateshead,2026-08-31,,0.6448,,0.5656,0.2135,0.221,,,,True,2026-08-31,0.6858,,True,2026-08-31,2026-08-31,,,,,,,True,,,,
Ligue 2,Dijon,St Etienne,2026-08-31,,0.423,,0.211,0.2607,0.5283,,,,True,2026-08-31,0.0155,,True,2026-08-31,2026-08-31,,,,,,,True,,,,
National League,Eastleigh,Aldershot,2026-08-31,,0.6096,,0.4373,0.2385,0.3242,,,,True,2026-08-31,0.4262,,True,2026-08-31,2026-08-31,,,,,,,True,,,,
Argentina Primera Division,Independiente,Gimnasia Mendoza,2026-08-31,,0.4204,,0.5402,0.2761,0.1837,,,,True,,,,,2026-08-31,,,,,,,,True,,,,
National League,Forest Green,Altrincham,2026-08-31,,0.4716,,0.535,0.252,0.213,,,,True,2026-08-31,0.4076,,True,2026-08-31,2026-08-31,,,,,,,True,,,,
National League,Boston Utd,Hornchurch,2026-08-31,,0.5578,,0.3264,0.2499,0.4237,,,,True,2026-08-31,0.2341,,True,2026-08-31,2026-08-31,,,,,,,True,,,,
National League,Worthing,Boreham Wood,2026-08-31,,0.7127,,0.3599,0.2193,0.4208,,,,True,2026-08-31,0.2722,,True,2026-08-31,2026-08-31,,,,,,,True,,,,
Serie A,Lecce,Roma,2026-08-31,,0.5556,,0.3146,0.2507,0.4347,,,,True,2026-08-31,0.2516,,True,2026-08-31,2026-08-31,,,,,,,True,,,,
La Liga,Osasuna,Getafe,2026-08-31,,0.2211,,0.4282,0.3436,0.2283,,,,True,2026-08-31,0.18,,True,2026-08-31,2026-08-31,,,,,,,True,,,,
Ligi 1,Besiktas,Corum,2026-08-31,,0.4258,,0.2988,0.3084,0.3928,,,,True,2026-08-31,0.1218,,True,2026-08-31,2026-08-31,,,,,,,True,,,,
National League,Solihull,Fylde,2026-08-31,,0.6145,,0.4915,0.2318,0.2767,,,,True,2026-08-31,0.4102,,True,2026-08-31,2026-08-31,,,,,,,True,,,,
Switzerland Super League,Luzern,Vaduz,2026-09-01,,0.6367,0.8107,0.5032,0.1713,0.3255,0.8795,0.85,,True,,,,,2026-09-01,,,,,,,,True,,,,
League Two,Bristol Rvs,Colchester,2026-09-01,,0.5432,,0.4639,0.2408,0.2953,0.5667,0.4536,,True,2026-09-01,0.3391,,True,2026-09-01,2026-09-01,,,,,,,True,,,,
League Two,Cheltenham,York,2026-09-01,,0.5421,,0.3189,0.2435,0.4376,0.5702,0.4559,,True,2026-09-01,0.5455,,True,2026-09-01,2026-09-01,,,,,,,True,,,,
League Two,Chesterfield,Gillingham,2026-09-01,,0.4764,,0.5755,0.2336,0.1909,0.4734,0.3629,,True,2026-09-01,0.41,,True,2026-09-01,2026-09-01,,,,,,,True,,,,
League Two,Crewe,Walsall,2026-09-01,,0.4451,,0.259,0.2589,0.4821,0.4817,0.3594,,True,2026-09-01,0.269,,True,2026-09-01,2026-09-01,,,,,,,True,,,,
Championship,Birmingham,Southampton,2026-09-01,,0.5904,,0.356,0.2511,0.3928,0.6192,0.504,,True,2026-09-01,0.4437,,True,2026-09-01,2026-09-01,,,,,,,True,,,,
Switzerland Super League,Grasshoppers,St. Gallen,2026-09-01,,0.6584,0.2769,0.2501,0.2588,0.4911,0.5268,0.4035,,True,,,,,2026-09-01,,,,,,,,True,,,,
Switzerland Super League,Thun,Lausanne,2026-09-01,,0.7425,0.4768,0.6085,0.1986,0.1929,0.646,0.561,,True,,,,,2026-09-01,,,,,,,,True,,,,
League Two,Exeter,Barnet,2026-09-01,,0.4236,,0.3742,0.2733,0.3524,0.4803,0.3517,,True,2026-09-01,0.5684,,True,2026-09-01,2026-09-01,,,,,,,True,,,,
League Two,Swindon,Port Vale,2026-09-01,,0.3056,,0.3431,0.3097,0.3472,0.3817,0.2491,,True,2026-09-01,0.3321,,True,2026-09-01,2026-09-01,,,,,,,True,,,,
League Two,Fleetwood Town,Oldham,2026-09-01,,0.2817,,0.3675,0.3182,0.3143,0.3597,0.2281,,True,2026-09-01,0.266,,True,2026-09-01,2026-09-01,,,,,,,True,,,,
League One,Burton,AFC Wimbledon,2026-09-01,,0.3096,0.1287,0.4681,0.3012,0.2307,0.3594,0.2336,,True,2026-09-01,0.3006,,True,2026-09-01,2026-09-01,,,,,,,True,,,,
Championship,Lincoln,Blackburn,2026-09-01,,0.2903,,0.4232,0.3277,0.2491,0.3671,0.2297,,True,2026-09-01,0.4004,,True,2026-09-01,2026-09-01,,,,,,,True,,,,
League One,Doncaster,Notts County,2026-09-01,,0.4518,,0.2554,0.2576,0.4869,0.4864,0.3645,,True,2026-09-01,0.342,,True,2026-09-01,2026-09-01,,,,,,,True,,,,
League One,Leicester,Plymouth,2026-09-01,,0.503,,0.3676,0.2553,0.3771,0.5442,0.4231,,True,2026-09-01,0.6851,,True,2026-09-01,2026-09-01,,,,,,,True,,,,
Championship,West Ham,Wolves,2026-09-01,,0.8477,,0.5314,0.1862,0.2824,0.8088,0.7572,,True,2026-09-01,0.8999,,True,2026-09-01,2026-09-01,,,,,,,True,,,,
League One,Luton,Stockport,2026-09-01,,0.6993,0.3624,0.3804,0.2378,0.3818,0.6094,0.5006,,True,2026-09-01,0.6909,,True,2026-09-01,2026-09-01,,,,,,,True,,,,
Championship,West Brom,Charlton,2026-09-01,,0.2513,0.1037,0.4573,0.3325,0.2102,0.3295,0.1986,,True,2026-09-01,0.2291,,True,2026-09-01,2026-09-01,,,,,,,True,,,,
League One,Huddersfield,Oxford,2026-09-01,,0.6317,,0.367,0.2288,0.4043,0.644,0.5435,,True,2026-09-01,0.4484,,True,2026-09-01,2026-09-01,,,,,,,True,,,,
Championship,Swansea,Watford,2026-09-01,,0.3015,,0.4014,0.3264,0.2721,0.3818,0.2421,,True,2026-09-01,0.3155,,True,2026-09-01,2026-09-01,,,,,,,True,,,,
Championship,Stoke,Norwich,2026-09-01,,0.3649,,0.2271,0.2959,0.477,0.4201,0.2862,,True,2026-09-01,0.2869,,True,2026-09-01,2026-09-01,,,,,,,True,,,,
Scottish Premiership,Falkirk,Rangers,2026-09-01,,0.5047,0.2082,0.2224,0.2715,0.5061,0.4507,0.3243,,True,2026-09-01,0.472,,True,2026-09-01,2026-09-01,,,,,,,True,,,,
League One,Peterboro,Stevenage,2026-09-01,,0.4186,,0.5022,0.2627,0.2352,0.4533,0.3308,,True,2026-09-01,0.225,,True,2026-09-01,2026-09-01,,,,,,,True,,,,
Championship,Sheffield United,Bolton,2026-09-01,,0.1537,,0.3348,0.4029,0.2623,0.2441,0.1212,,True,2026-09-01,0.2134,,True,2026-09-01,2026-09-01,,,,,,,True,,,,
Championship,QPR,Cardiff,2026-09-01,,0.7116,0.3911,0.3704,0.2462,0.3835,0.6376,0.5268,,True,2026-09-01,0.5287,,True,2026-09-01,2026-09-01,,,,,,,True,,,,
Championship,Preston,Bristol City,2026-09-01,,0.2935,,0.292,0.3315,0.3766,0.378,0.2372,,True,2026-09-01,0.3174,,True,2026-09-01,2026-09-01,,,,,,,True,,,,
Denmark Superliga,Aarhus,Midtjylland,2026-09-01,,0.6947,0.3521,0.3534,0.2591,0.3875,0.6107,0.4906,,True,,,,,2026-09-01,,,,,,,,True,,,,
Championship,Portsmouth,Derby,2026-09-01,,0.406,,0.4438,0.2903,0.2659,0.4648,0.3291,,True,2026-09-01,0.3232,,True,2026-09-01,2026-09-01,,,,,,,True,,,,
League One,Reading,Mansfield,2026-09-01,,0.6464,0.2712,0.4553,0.2536,0.2912,0.5255,0.405,,True,2026-09-01,0.381,,True,2026-09-01,2026-09-01,,,,,,,True,,,,
Championship,Millwall,Wrexham,2026-09-01,,0.6942,0.3509,0.5502,0.2346,0.2152,0.573,0.463,,True,2026-09-01,0.468,,True,2026-09-01,2026-09-01,,,,,,,True,,,,
League One,Wigan,Milton Keynes Dons,2026-09-01,,0.3147,0.131,0.335,0.3109,0.3541,0.3818,0.2486,,True,2026-09-01,0.449,,True,2026-09-01,2026-09-01,,,,,,,True,,,,
League One,Wycombe,Sheffield Wed,2026-09-01,,0.6024,,0.368,0.2345,0.3974,0.6215,0.5155,,True,2026-09-01,0.4702,,True,2026-09-01,2026-09-01,,,,,,,True,,,,
League Two,Accrington,Grimsby,2026-09-01,,0.4807,,0.3698,0.2594,0.3709,0.5261,0.4029,,True,2026-09-01,0.5102,,True,2026-09-01,2026-09-01,,,,,,,True,,,,
Championship,Burnley,Middlesbrough,2026-09-01,,0.6164,0.2572,0.5617,0.2514,0.1869,0.4817,0.3624,,True,2026-09-01,0.4206,,True,2026-09-01,2026-09-01,,,,,,,True,,,,
Switzerland Super League,Zurich,Young Boys,2026-09-01,,0.6586,,0.2556,0.222,0.5223,0.6505,0.5539,,True,,,,,2026-09-01,,,,,,,,True,,,,
League One,Bromley,Leyton Orient,2026-09-01,,0.3152,,0.3444,0.3074,0.3482,0.3906,0.2573,,True,2026-09-01,0.3463,,True,2026-09-01,2026-09-01,,,,,,,True,,,,
League One,Bradford,Cambridge,2026-09-01,,0.3584,,0.5705,0.2616,0.1679,0.3697,0.2563,,True,2026-09-01,0.3535,,True,2026-09-01,2026-09-01,,,,,,,True,,,,
Scottish Premiership,Celtic,Aberdeen,2026-09-01,,0.718,0.4061,0.7103,0.1744,0.1154,0.5246,0.4427,,True,2026-09-01,0.4109,,True,2026-09-01,2026-09-01,,,,,,,True,,,,
Austria Bundesliga,Wolfsberger AC,LASK,2026-09-01,,0.4858,,0.3,0.29,0.4101,0.5434,0.4048,,True,,,,,2026-09-01,,,,,,,,True,,,,
Austria Bundesliga,Salzburg,SK Rapid,2026-09-01,,0.6669,0.2926,0.51,0.2687,0.2213,0.5417,0.4134,,True,,,,,2026-09-01,,,,,,,,True,,,,
Austria Bundesliga,Austria Vienna,Tirol,2026-09-01,,0.68,0.3199,0.5512,0.2532,0.1956,0.55,0.4294,,True,,,,,2026-09-01,,,,,,,,True,,,,
League Two,Northampton,Crawley Town,2026-09-01,,0.3183,,0.2955,0.303,0.4015,0.3889,0.2575,,True,2026-09-01,0.4115,,True,2026-09-01,2026-09-01,,,,,,,True,,,,
Argentina Primera Division,Tigre,Barracas Central,2026-09-01,,0.2507,,0.4574,0.3463,0.1963,0.323,0.1886,,True,,,,,2026-09-01,,,,,,,,True,,,,
Brazil Serie A,Remo,Coritiba,2026-09-01,,0.5738,,0.4274,0.2499,0.3227,0.6021,0.4862,,True,,,,,2026-09-01,,,,,,,,True,,,,
Scottish Premiership,Dundee,St Johnstone,2026-09-01,,0.65,0.2729,0.5046,0.2544,0.241,0.5178,0.3966,,True,2026-09-01,0.4108,,True,2026-09-01,2026-09-01,,,,,,,True,,,,
Jupiler League,St Truiden,St. Gilloise,2026-09-01,,0.3901,0.1625,0.2245,0.3036,0.4719,0.4114,0.2754,,True,2026-09-01,0.3402,,True,2026-09-01,2026-09-01,,,,,,,True,,,,
Scottish Premiership,Motherwell,Dundee United,2026-09-01,,0.638,0.2672,0.408,0.2675,0.3245,0.5328,0.4055,,True,2026-09-01,0.4134,,True,2026-09-01,2026-09-01,,,,,,,True,,,,
Argentina Primera Division,Instituto,San Lorenzo,2026-09-01,,0.1946,,0.3563,0.3871,0.2565,0.2903,0.1539,,True,,,,,2026-09-01,,,,,,,,True,,,,
League Two,Rochdale,Shrewsbury,2026-09-01,,0.2629,,0.3138,0.3261,0.36,0.343,0.2123,,True,2026-09-01,0.3325,,True,2026-09-01,2026-09-01,,,,,,,True,,,,
League One,Barnsley,Blackpool,2026-09-01,,0.6401,0.2682,0.2952,0.2549,0.45,0.5238,0.4026,,True,2026-09-01,0.3941,,True,2026-09-01,2026-09-01,,,,,,,True,,,,
Scottish Premiership,Kilmarnock,St Mirren,2026-09-01,,0.4504,0.186,0.5149,0.2768,0.2084,0.4217,0.2956,,True,2026-09-01,0.2769,,True,2026-09-01,2026-09-01,,,,,,,True,,,,
League Two,Tranmere,Rotherham,2026-09-01,,0.4078,,0.3448,0.2774,0.3777,0.4673,0.3375,,True,2026-09-01,0.4738,,True,2026-09-01,2026-09-01,,,,,,,True,,,,
Argentina Primera Division,Estudiantes L.P.,Newells Old Boys,2026-09-01,,0.352,,0.5577,0.2886,0.1536,0.3764,0.2506,,True,,,,,2026-09-01,,,,,,,,True,,,,
League Two,Salford,Newport County,2026-09-01,,0.25,,0.4038,0.3285,0.2677,0.3257,0.1983,,True,2026-09-01,0.2631,,True,2026-09-01,2026-09-01,,,,,,,True,,,,
National League,Halifax,Hartlepool,2026-09-01,,0.4365,,0.4629,0.2743,0.2628,0.4836,0.354,,True,2026-09-01,0.2521,,True,2026-09-01,2026-09-01,,,,,,,True,,,,
Argentina Primera Division,Defensa y Justicia,Platense,2026-09-01,,0.32,,0.4384,0.3264,0.2352,0.3951,0.2525,,True,,,,,2026-09-01,,,,,,,,True,,,,
Mexico Liga MX,Club America,Club Tijuana,2026-09-02,,0.6702,0.2876,0.6094,0.2353,0.1552,0.4877,0.3756,,False,,,,,2026-09-02,,,,,,,,True,,,,
Mexico Liga MX,Puebla,Toluca,2026-09-02,,0.6937,0.3316,0.153,0.2222,0.6248,0.5202,0.4144,,True,,,,,2026-09-02,,2026-09-16,,,,2026-09-16T01:00:00+00:00,,True,,,,
Mexico Liga MX,Queretaro,Monterrey,2026-09-02,,0.669,0.2855,0.3234,0.2751,0.4015,0.5554,0.4244,,False,,,,,2026-09-02,,,,,,,,True,,,,
Mexico Liga MX,UNAM Pumas,Club Leon,2026-09-02,,0.6875,0.3197,0.5964,0.2329,0.1706,0.5255,0.4145,,True,,,,,2026-09-02,,2026-09-11,,,,,,True,,,,
La Liga,Sociedad,Celta,2026-09-03,,0.6138,0.2557,0.5687,0.2389,0.1924,0.4735,0.3605,,True,2026-09-03,0.3903,,True,2026-09-03,2026-09-03,,,,,,,True,,,,
Argentina Primera Division,Barracas Central,Argentinos Jrs,2026-09-03,,0.3289,0.133,0.2986,0.3388,0.3626,0.3981,0.2505,,True,,,,,2026-09-03,,2026-09-08,,,,,,True,,,,
National League North,Worksop Town,Bedford Town,2026-09-03,,0.7164,0.3631,0.4392,0.2336,0.3272,0.6052,0.4983,,True,2026-09-03,0.4937,,True,2026-09-03,2026-09-03,2026-09-08,,,,,,True,,,,
Brazil Serie A,Flamengo RJ,Mirassol,2026-09-03,,0.6846,0.3238,0.618,0.2195,0.1625,0.5156,0.4111,,True,,,,,2026-09-03,,,,,,,,True,,,,
Jupiler League,Gent,Oud-Heverlee Leuven,2026-09-03,,0.5493,0.2263,0.3175,0.2907,0.3919,0.4999,0.362,,True,2026-09-03,0.4188,,True,2026-09-03,2026-09-03,,,,,,,True,,,,
National League North,South Shields,Marine,2026-09-03,,0.704,0.3419,0.702,0.1793,0.1187,0.4721,0.3869,,True,2026-09-03,0.295,,True,2026-09-03,2026-09-03,2026-09-08,,,,,,True,,,,
National League North,Southport,Morecambe,2026-09-03,,0.2887,0.118,0.3607,0.316,0.3233,0.3621,0.2309,,True,2026-09-03,0.0979,,True,2026-09-03,2026-09-03,2026-09-08,,,,,,True,,,,
Argentina Primera Division,Union de Santa Fe,Instituto,2026-09-03,,0.6853,0.3117,0.5034,0.261,0.2356,0.5593,0.4352,,True,,,,,2026-09-03,,2026-09-08,,,,,,True,,,,
Ligue 1,Toulouse,Lille,2026-09-03,,0.5386,0.2216,0.3367,0.2921,0.3713,0.4961,0.3578,,True,2026-09-03,0.4131,,True,2026-09-03,2026-09-03,,,,,,,True,,,,
National League North,Macclesfield,Scarborough Athletic,2026-09-03,,0.6851,0.3114,0.471,0.2406,0.2884,0.5575,0.444,,True,2026-09-03,0.2757,,True,2026-09-03,2026-09-03,2026-09-08,,,,,,True,,,,
National League North,Spennymoor Town,Spalding United,2026-09-03,,0.1925,0.085,0.2034,0.3269,0.4697,0.2862,0.1695,,True,2026-09-03,0.121,,True,2026-09-03,2026-09-03,2026-09-08,,,,,,True,,,,
National League North,King's Lynn Town,Hednesford Town,2026-09-03,,0.6983,0.3327,0.4196,0.2407,0.3398,0.5831,0.471,,True,2026-09-03,0.2837,,True,2026-09-03,2026-09-03,2026-09-08,,,,,,True,,,,
National League North,Radcliffe,Hebburn Town,2026-09-03,,0.7723,0.471,0.2564,0.2046,0.539,0.6643,0.579,,True,2026-09-03,0.4583,,True,2026-09-03,2026-09-03,2026-09-08,,,,,,True,,,,
National League South,Weston-super-Mare,AFC Totton,2026-09-03,,0.6439,0.2678,0.6357,0.2079,0.1565,0.4463,0.3486,,True,2026-09-03,0.3212,,True,2026-09-03,2026-09-03,2026-09-08,,,,,,True,,,,
Championship,Wrexham,Burnley,2026-09-03,,0.5578,0.2273,0.2747,0.2844,0.4409,0.4929,0.3581,,True,2026-09-03,0.4504,,True,2026-09-03,2026-09-03,2026-09-08,,,,,,True,,,,
Poland Ekstraklasa,Rakow,Gornik Zabrze,2026-09-03,,0.537,0.2209,0.3905,0.3036,0.3059,0.4997,0.3557,,True,,,,,2026-09-03,,,,,,,,True,,,,
National League North,AFC Telford United,Oxford City,2026-09-03,,0.6925,0.3231,0.4604,0.2394,0.3002,0.5696,0.4573,,True,2026-09-03,0.2834,,True,2026-09-03,2026-09-03,2026-09-08,,,,,,True,,,,
National League South,Hampton & Richmond Borough,Farnborough,2026-09-03,,0.7718,0.465,0.4042,0.2116,0.3842,0.6782,0.5915,,True,2026-09-03,0.4018,,True,2026-09-03,2026-09-03,2026-09-08,,,,,,True,,,,
Championship,Watford,Preston,2026-09-03,,0.4764,0.1918,0.4555,0.294,0.2506,0.451,0.3147,,True,2026-09-03,0.3699,,True,2026-09-03,2026-09-03,2026-09-08,,,,,,True,,,,
National League South,Folkestone Invicta,Horsham,2026-09-03,,0.3442,0.1389,0.6578,0.2364,0.1059,0.2704,0.1835,,True,2026-09-03,0.153,,True,2026-09-03,2026-09-03,2026-09-08,,,,,,True,,,,
League One,Oxford,Reading,2026-09-03,,0.7457,0.4151,0.5778,0.2074,0.2148,0.6103,0.5172,,False,2026-09-03,0.4439,,False,2026-09-03,2026-09-03,,,,,,,True,,,,
National League South,Maidenhead United,Torquay United,2026-09-03,,0.4711,0.1896,0.4652,0.2652,0.2696,0.4346,0.3129,,True,2026-09-03,0.349,,True,2026-09-03,2026-09-03,2026-09-08,,,,,,True,,,,
National League South,Salisbury,Slough Town,2026-09-03,,0.7326,0.3913,0.5343,0.2104,0.2553,0.604,0.5091,,True,2026-09-03,0.4033,,True,2026-09-03,2026-09-03,2026-09-08,,,,,,True,,,,
National League North,Buxton,Brackley Town,2026-09-03,,0.7133,0.3576,0.5774,0.2136,0.209,0.5629,0.4633,,True,2026-09-03,0.1226,,True,2026-09-03,2026-09-03,2026-09-08,,,,,,True,,,,
National League North,Chester,Merthyr Town,2026-09-03,,0.7477,0.4188,0.4596,0.2224,0.318,0.6444,0.5472,,True,2026-09-03,0.3727,,True,2026-09-03,2026-09-03,2026-09-08,,,,,,True,,,,
National League South,Tonbridge Angels,Maidstone United,2026-09-03,,0.6762,0.2974,0.3614,0.2408,0.3978,0.5511,0.4376,,True,2026-09-03,0.3754,,True,2026-09-03,2026-09-03,2026-09-08,,,,,,True,,,,
Championship,Cardiff,Stoke,2026-09-03,,0.3761,0.1515,0.3935,0.3176,0.2888,0.4146,0.2729,,True,2026-09-03,0.3353,,True,2026-09-03,2026-09-03,2026-09-08,,,,,,True,,,,
Brazil Serie A,Vitoria,Gremio,2026-09-03,,0.3529,0.1423,0.3945,0.3164,0.289,0.4,0.2611,,True,,,,,2026-09-03,,2026-09-08,,,,,,True,,,,
Championship,Bolton,West Ham,2026-09-03,,0.5855,0.24,0.3377,0.2854,0.3769,0.5138,0.3779,,True,2026-09-03,0.6189,,True,2026-09-03,2026-09-03,2026-09-08,,,,,,True,,,,
Championship,Blackburn,Sheffield United,2026-09-03,,0.401,0.1611,0.3374,0.3153,0.3473,0.4301,0.2873,,True,2026-09-03,0.2858,,True,2026-09-03,2026-09-03,2026-09-08,,,,,,True,,,,
Championship,Southampton,Swansea,2026-09-03,,0.7588,0.4994,0.6496,0.1874,0.163,0.6428,0.5631,,True,2026-09-03,0.5464,,True,2026-09-03,2026-09-03,2026-09-08,,,,,,True,,,,
Switzerland Super League,Basel,Sion,2026-09-03,,0.654,0.2749,0.2885,0.2655,0.4459,0.5358,0.4093,,True,,,,,2026-09-03,,,,,,,,True,,,,
Poland Ekstraklasa,Lech Poznan,Jagiellonia,2026-09-03,,0.6862,0.3267,0.4924,0.2622,0.2454,0.5765,0.4525,,True,,,,,2026-09-03,,,,,,,,True,,,,
Switzerland Super League,Lugano,Servette,2026-09-03,,0.6963,0.3459,0.4763,0.2458,0.2779,0.5906,0.476,,True,,,,,2026-09-03,,,,,,,,True,,,,
Eredivisie,Nijmegen,Excelsior,2026-09-03,,0.7576,0.5019,0.6299,0.1981,0.172,0.6567,0.5728,,True,2026-09-03,0.5227,,True,2026-09-03,2026-09-03,2026-09-08,,,,,,True,,,,
National League North,Harborough Town,Hereford,2026-09-03,,0.725,0.3778,0.5603,0.2141,0.2256,0.5866,0.4882,,True,2026-09-03,0.3932,,True,2026-09-03,2026-09-03,2026-09-08,,,,,,True,,,,
National League South,Ebbsfleet United,Hemel Hempstead Town,2026-09-03,,0.4851,0.1954,0.4943,0.259,0.2468,0.4334,0.3144,,True,2026-09-03,0.2798,,True,2026-09-03,2026-09-03,2026-09-08,,,,,,True,,,,
Jupiler League,Anderlecht,Kortrijk,2026-09-03,,0.6678,0.2933,0.5796,0.2413,0.1791,0.5092,0.3941,,True,2026-09-03,0.4477,,True,2026-09-03,2026-09-03,,,,,,,True,,,,
National League North,Chorley,Darlington,2026-09-03,,0.6943,0.3261,0.4282,0.2415,0.3303,0.5768,0.4639,,True,2026-09-03,0.3954,,True,2026-09-03,2026-09-03,2026-09-08,,,,,,True,,,,
National League South,Dorking Wanderers,Chelmsford City,2026-09-03,,0.7057,0.3449,0.4822,0.2253,0.2924,0.5802,0.4758,,True,2026-09-03,0.2869,,True,2026-09-03,2026-09-03,2026-09-08,,,,,,True,,,,
National League South,Dagenham & Redbridge,Dover Athletic,2026-09-03,,0.6834,0.3086,0.5392,0.2233,0.2375,0.5329,0.4274,,True,2026-09-03,0.2938,,True,2026-09-03,2026-09-03,2026-09-08,,,,,,True,,,,
National League South,Chesham United,Billericay Town,2026-09-03,,0.6688,0.286,0.4212,0.2424,0.3364,0.5394,0.4248,,True,2026-09-03,0.3501,,True,2026-09-03,2026-09-03,2026-09-08,,,,,,True,,,,
National League South,Truro City,Salisbury,2026-09-04,,0.3875,0.1352,0.7993,0.1749,0.0258,0.1063,0.0728,,True,2026-09-04,0.1857,,True,2026-09-04,2026-09-04,2026-09-15,,,,,,True,,,,
Ligue 1,Lyon,Auxerre,2026-09-04,0.7048,0.5348,0.2271,0.3786,0.2888,0.3326,0.5008,0.3637,,True,2026-09-04,0.3109,,True,2026-09-04,2026-09-04,,,,,,,True,,,,
Scottish Championship,Livingston,Stenhousemuir,2026-09-04,0.5476,0.2566,0.1011,0.3746,0.3804,0.245,0.3596,0.2041,,True,2026-09-04,0.3198,,True,2026-09-04,2026-09-04,,,,,,,True,,,,
La Liga 2,Las Palmas,Leganes,2026-09-04,0.494,0.2325,0.0874,0.448,0.3335,0.2185,0.2993,0.1768,,True,2026-09-04,0.2622,,True,2026-09-04,2026-09-04,,,,,,,True,,,,
Norway Eliteserien,Sandefjord,Viking,2026-09-04,0.7639,0.6209,0.3043,0.3013,0.2453,0.4533,0.5553,0.4394,,True,,,,,2026-09-04,,,,,,,,True,,,,
Ligi 1,Buyuksehyr,Galatasaray,2026-09-04,0.8992,0.724,0.5175,0.3637,0.2347,0.4015,0.7276,0.6349,,True,2026-09-04,0.4413,,True,2026-09-04,2026-09-04,,,,,,,True,,,,
Premier League,Ipswich,Liverpool,2026-09-04,0.9256,0.7873,0.6006,0.0947,0.1394,0.7659,0.6378,0.5817,,True,2026-09-04,0.5294,,True,2026-09-04,2026-09-04,,,,,,,True,,,,
Poland Ekstraklasa,Korona Kielce,Gornik Zabrze,2026-09-04,,0.4661,0.1723,0.2685,0.3193,0.4122,0.4429,0.2965,,True,,,,,2026-09-04,,2026-09-15,,,,2026-09-15T18:30:00+00:00,,True,,,,
Liga I,Porto,Moreirense,2026-09-04,0.6887,0.5263,0.2216,0.7322,0.1856,0.0822,0.3142,0.2361,,True,2026-09-04,0.3621,,True,2026-09-04,2026-09-04,,,,,,,True,,,,
Norway Eliteserien,Aalesund,Start,2026-09-04,0.7883,0.6308,0.3372,0.5249,0.2288,0.2463,0.5658,0.4586,,True,,,,,2026-09-04,,,,,,,,True,,,,
National League South,Billericay Town,Braintree Town,2026-09-04,,0.691,0.6558,0.8316,0.0976,0.0708,0.6141,0.5771,,True,2026-09-04,0.7721,,True,2026-09-04,2026-09-04,2026-09-15,,,,,,True,,,,
National League,Southend,Tamworth,2026-09-04,,0.6979,0.3671,0.6197,0.2096,0.1707,0.5527,0.4543,,True,2026-09-04,0.4119,,True,2026-09-04,2026-09-04,2026-09-15,,,,,,True,,,,
Scottish Premiership,Hibernian,Kilmarnock,2026-09-04,,0.5855,0.2388,0.6068,0.2372,0.156,0.4366,0.3258,,True,2026-09-04,0.3423,,True,2026-09-04,2026-09-04,2026-09-15,,,,,,True,,,,
Southern League South,Chippenham Town,Sholing,2026-09-04,,0.6686,0.3235,0.2077,0.2266,0.5657,0.5397,0.4325,,False,2026-09-04,0.4892,,False,2026-09-04,2026-09-04,2026-09-22,,,,,,True,,,,
Southern League South,Chichester City,Chertsey Town,2026-09-04,,0.702,0.3665,0.5097,0.2296,0.2608,0.5958,0.4901,,False,2026-09-04,0.4843,,False,2026-09-04,2026-09-04,2026-09-22,,,,,,True,2026-09-20,2026-09-20,0.6082,
Southern League South,Bracknell Town,Havant & Waterlooville,2026-09-04,,0.7562,0.5057,0.4131,0.2158,0.3711,0.7097,0.6252,,True,2026-09-04,0.4435,,True,2026-09-04,2026-09-04,2026-09-22,,,,,,True,2026-09-18,2026-09-18,0.6904,
Championship,Middlesbrough,Millwall,2026-09-04,,0.6624,0.3031,0.3936,0.2674,0.339,0.5696,0.4429,,True,2026-09-04,0.2974,,True,2026-09-04,2026-09-04,2026-09-15,,,,2026-09-15T18:45:00+00:00,,True,,,,
Southern League South,Berkhamsted,Uxbridge,2026-09-04,,0.6811,0.3362,0.4565,0.2423,0.3012,0.5833,0.4703,,True,2026-09-04,0.2982,,True,2026-09-04,2026-09-04,2026-09-15,,,,,,True,,,,
Southern League South,Berkhamsted,Hanworth Villa,2026-09-04,,0.3914,0.1353,0.1453,0.2737,0.581,0.3199,0.2105,,False,2026-09-04,0.2142,,False,2026-09-04,2026-09-04,2026-09-22,,,,,,True,2026-09-20,2026-09-20,0.4787,
Southern League South,Basingstoke Town,Gosport Borough,2026-09-04,,0.7664,0.4578,0.4314,0.2225,0.3461,0.677,0.5839,,True,2026-09-04,0.5449,,True,2026-09-04,2026-09-04,2026-09-22,,,,,,True,2026-09-18,2026-09-18,0.7151,
Southern League South,Hanwell Town,Uxbridge,2026-09-04,,0.6585,0.311,0.3504,0.2516,0.398,0.5693,0.4508,,False,2026-09-04,0.3252,,False,2026-09-04,2026-09-04,2026-09-22,,,,,,True,,,,
Southern League Central,Worcester City,Banbury United,2026-09-04,,0.4807,0.1808,0.5062,0.2804,0.2134,0.4187,0.2915,,False,2026-09-04,0.2425,,False,2026-09-04,2026-09-04,2026-09-22,,,,,,True,2026-09-20,2026-09-20,0.5063,
Southern League Central,Stourbridge,Real Bedford,2026-09-04,,0.7519,0.4361,0.1799,0.1988,0.6213,0.6083,0.5193,,False,2026-09-04,0.4141,,False,2026-09-04,2026-09-04,2026-09-22,,,,,,True,2026-09-20,2026-09-20,0.6272,
Southern League Central,Stamford,Bishop's Stortford,2026-09-04,,0.4515,0.1641,0.3337,0.3043,0.362,0.4287,0.2908,,True,2026-09-04,0.1992,,True,2026-09-04,2026-09-04,2026-09-22,,,,,,True,2026-09-18,2026-09-18,0.44,
Southern League Central,Rushall Olympic,Kettering Town,2026-09-04,,0.6865,0.3462,0.3713,0.2495,0.3791,0.601,0.4853,,False,2026-09-04,0.3541,,False,2026-09-04,2026-09-04,2026-09-22,,,,,,True,2026-09-20,2026-09-20,0.6056,
Southern League Central,Leiston,Peterborough Sports,2026-09-04,,0.6949,0.3571,0.4805,0.2402,0.2793,0.5975,0.4863,,False,2026-09-04,0.5891,,False,2026-09-04,2026-09-04,2026-09-22,,,,,,True,2026-09-20,2026-09-20,0.5997,
Southern League Central,Leighton Town,Needham Market,2026-09-04,,0.7323,0.408,0.4297,0.2355,0.3348,0.6444,0.5401,,False,2026-09-04,0.5142,,False,2026-09-04,2026-09-04,2026-09-22,,,,,,True,,,,
La Liga,Vallecano,Espanol,2026-09-04,,0.4083,0.144,0.4365,0.3027,0.2608,0.391,0.2591,,True,2026-09-04,0.2435,,True,2026-09-04,2026-09-04,2026-09-15,,,,2026-09-15T17:00:00+00:00,,True,,,,
Southern League Central,Bury Town,Hitchin Town,2026-09-04,,0.6531,0.3043,0.7053,0.1903,0.1044,0.4328,0.3429,,False,2026-09-04,0.5715,,False,2026-09-04,2026-09-04,2026-09-22,,,,,,True,2026-09-20,2026-09-20,0.5035,
Southern League Central,Stratford Town,Bromsgrove Sporting,2026-09-04,,0.6284,0.2754,0.4287,0.2639,0.3074,0.5377,0.4121,,False,2026-09-04,0.2977,,False,2026-09-04,2026-09-04,2026-09-22,,,,,,True,2026-09-20,2026-09-20,0.5262,
Southern League South,Malvern Town,Gloucester City,2026-09-04,,0.7133,0.6218,0.0813,0.1156,0.803,0.6179,0.5722,,False,2026-09-04,0.3589,,False,2026-09-04,2026-09-04,2026-09-22,,,,,,True,2026-09-20,2026-09-20,0.6819,
Southern League South,Plymouth Parkway,Frome Town,2026-09-04,,0.6385,0.287,0.1772,0.2257,0.5971,0.4907,0.3834,,False,2026-09-04,0.3229,,False,2026-09-04,2026-09-04,2026-09-22,,,,,,True,2026-09-20,2026-09-20,0.648,
Championship,Bristol City,Lincoln,2026-09-04,,0.2581,0.0857,0.3886,0.358,0.2535,0.3165,0.1811,,True,2026-09-04,0.3855,,True,2026-09-04,2026-09-04,2026-09-15,,,,2026-09-15T18:45:00+00:00,,True,,,,
Argentina Primera Division,Banfield,Barracas Central,2026-09-04,,0.3732,0.1294,0.4348,0.3325,0.2326,0.3801,0.2379,,True,,,,,2026-09-04,,2026-09-15,,,,2026-09-14T22:00:00+00:00,,True,,,,
Argentina Primera Division,Barracas Central,Independiente,2026-09-04,,0.3649,0.1247,0.3107,0.3442,0.3451,0.3877,0.24,,False,,,,,2026-09-04,,2026-09-22,,,,2026-09-21T22:00:00+00:00,,True,,,,
Argentina Primera Division,Dep. Riestra,Lanus,2026-09-04,,0.3417,0.1168,0.3524,0.3486,0.299,0.3759,0.2289,,True,,,,,2026-09-04,,2026-09-15,,,,2026-09-14T22:00:00+00:00,,True,,,,
National League,Solihull,Barrow,2026-09-04,,0.6639,0.3058,0.4209,0.2573,0.3218,0.5656,0.444,,True,2026-09-04,0.4728,,True,2026-09-04,2026-09-04,2026-09-15,,,,,,True,,,,
Argentina Primera Division,Lanus,Estudiantes L.P.,2026-09-04,,0.521,0.2049,0.3827,0.3064,0.3108,0.4824,0.3381,,False,,,,,2026-09-04,,2026-09-22,,,,2026-09-22T00:15:00+00:00,,True,,,,
National League,Sutton,Eastleigh,2026-09-04,,0.6675,0.3119,0.4422,0.2541,0.3036,0.5678,0.4478,,True,2026-09-04,0.3059,,True,2026-09-04,2026-09-04,2026-09-15,,,,,,True,,,,
Brazil Serie A,Bahia,Remo,2026-09-04,,0.6671,0.3113,0.567,0.2357,0.1973,0.5304,0.4183,,True,,,,,2026-09-04,,2026-09-15,,,,2026-09-14T23:00:00+00:00,,True,,,,
National League,Wealdstone,Halifax,2026-09-04,,0.6585,0.2966,0.3583,0.2612,0.3805,0.5607,0.4369,,True,2026-09-04,0.326,,True,2026-09-04,2026-09-04,2026-09-15,,,,,,True,,,,
National League,Harrogate,Fylde,2026-09-04,,0.7389,0.4923,0.588,0.1995,0.2125,0.6653,0.5824,,True,2026-09-04,0.5247,,True,2026-09-04,2026-09-04,2026-09-15,,,,,,True,,,,
Bundesliga 2,Bielefeld,St Pauli,2026-09-04,0.7979,0.632,0.3411,0.3201,0.2534,0.4264,0.5961,0.4779,,True,2026-09-04,0.5055,,True,2026-09-04,2026-09-04,,,,,,,True,,,,
National League,Worthing,Hornchurch,2026-09-04,,0.6902,0.6597,0.3375,0.1943,0.4682,0.7994,0.7426,,True,2026-09-04,0.2857,,True,2026-09-04,2026-09-04,2026-09-15,,,,,,True,,,,
Bundesliga 2,Hannover,Karlsruhe,2026-09-04,0.8173,0.6406,0.3711,0.5264,0.2344,0.2392,0.5976,0.4893,,True,2026-09-04,0.4365,,True,2026-09-04,2026-09-04,,,,,,,True,,,,
Switzerland Super League,Grasshoppers,Sion,2026-09-04,,0.5457,0.2156,0.2605,0.2832,0.4563,0.476,0.3427,,True,,,,,2026-09-04,,2026-09-15,,,,2026-09-15T17:00:00+00:00,,True,,,,
National League,Carlisle,Forest Green,2026-09-04,,0.6795,0.3333,0.4914,0.2436,0.265,0.5755,0.4612,,True,2026-09-04,0.4514,,True,2026-09-04,2026-09-04,2026-09-15,,,,,,True,,,,
Southern League South,Yate Town,Evesham United,2026-09-04,,0.6085,0.2616,0.4658,0.258,0.2762,0.5156,0.3929,,False,2026-09-04,0.2885,,False,2026-09-04,2026-09-04,2026-09-22,,,,,,True,,,,
Southern League South,Taunton Town,Bath City,2026-09-04,,0.5461,0.2205,0.3458,0.2766,0.3777,0.4872,0.3566,,False,2026-09-04,0.1752,,False,2026-09-04,2026-09-04,2026-09-22,,,,,,True,2026-09-20,2026-09-20,0.378,
Southern League South,Poole Town,Wimborne Town,2026-09-04,,0.6244,0.2726,0.5363,0.2434,0.2203,0.5046,0.3888,,False,2026-09-04,0.2961,,False,2026-09-04,2026-09-04,2026-09-22,,,,,,True,,,,
Southern League Central,Anstey Nomads,Alvechurch,2026-09-04,,0.4496,0.163,0.537,0.2796,0.1833,0.3834,0.2608,,False,2026-09-04,0.2421,,False,2026-09-04,2026-09-04,2026-09-22,,,,,,True,2026-09-20,2026-09-20,0.5433,
National League,Boston Utd,Woking,2026-09-04,,0.5489,0.2174,0.3818,0.2837,0.3345,0.4868,0.3529,,True,2026-09-04,0.2593,,True,2026-09-04,2026-09-04,2026-09-15,,,,,,True,,,,
Southern League Central,Leamington,Halesowen Town,2026-09-04,,0.6686,0.3235,0.2859,0.2489,0.4652,0.5733,0.4562,,False,2026-09-04,0.2468,,False,2026-09-04,2026-09-04,2026-09-22,,,,,,True,,,,
Mexico Liga MX,Club Leon,Atl. San Luis,2026-09-04,,0.5876,0.2401,0.4365,0.2847,0.2788,0.5081,0.3726,,True,,,,,2026-09-04,,2026-09-15,,,,2026-09-15T01:00:00+00:00,,True,,,,
Ligue 2,Grenoble,Annecy,2026-09-04,0.5825,0.3105,0.1344,0.2648,0.311,0.4241,0.3813,0.2478,,True,2026-09-04,0.276,,True,2026-09-04,2026-09-04,,,,,,,True,,,,
Ligue 2,Laval,Red Star,2026-09-04,0.674,0.4976,0.2036,0.341,0.2855,0.3735,0.4713,0.3375,,True,2026-09-04,0.3657,,True,2026-09-04,2026-09-04,,,,,,,True,,,,
Serie A,Genoa,Como,2026-09-04,0.6642,0.484,0.1953,0.141,0.2441,0.615,0.3807,0.2721,,True,2026-09-04,0.2816,,True,2026-09-04,2026-09-04,,,,,,,True,,,,
Isthmian League,Whitehawk,Three Bridges,2026-09-04,,0.6825,0.69,0.4298,0.1833,0.3869,0.8147,0.7677,,True,2026-09-04,0.7649,,True,2026-09-04,2026-09-04,2026-09-15,,,,,,True,,,,
Isthmian League,Welling United,Cheshunt,2026-09-04,,0.665,0.3077,0.4299,0.2361,0.334,0.557,0.446,,True,2026-09-04,0.2196,,True,2026-09-04,2026-09-04,2026-09-15,,,,,,True,,,,
Isthmian League,Ramsgate,Maldon & Tiptree,2026-09-04,,0.7226,0.5442,0.573,0.1841,0.243,0.7023,0.6334,,True,2026-09-04,0.6616,,True,2026-09-04,2026-09-04,2026-09-15,,,,,,True,,,,
Isthmian League,Lewes,Carshalton Athletic,2026-09-04,,0.6548,0.2903,0.3134,0.2385,0.4481,0.5393,0.4265,,True,2026-09-04,0.4628,,True,2026-09-04,2026-09-04,2026-09-15,,,,,,True,,,,
Isthmian League,Leatherhead,AFC Whyteleafe,2026-09-04,,0.6691,0.7446,0.8696,0.0765,0.054,0.6432,0.6183,,True,2026-09-04,0.5753,,False,2026-09-04,2026-09-04,2026-09-15,,,,,,True,,,,
Ligue 2,Dunkerque,Clermont,2026-09-04,0.6353,0.4436,0.1715,0.4836,0.2857,0.2307,0.4143,0.2856,,True,2026-09-04,0.2459,,True,2026-09-04,2026-09-04,,,,,,,True,,,,
Isthmian League,Eastbourne Borough,Chatham Town,2026-09-04,,0.5996,0.2473,0.2032,0.2292,0.5676,0.4618,0.354,,True,2026-09-04,0.1244,,True,2026-09-04,2026-09-04,2026-09-15,,,,,,True,,,,
La Liga,Alaves,Valencia,2026-09-04,,0.6464,0.2764,0.527,0.2452,0.2278,0.512,0.3953,,True,2026-09-04,0.2331,,True,2026-09-04,2026-09-04,2026-09-15,,,,2026-09-15T18:00:00+00:00,,True,,,,
Isthmian League,Cray Wanderers,St Albans City,2026-09-04,,0.7327,0.4363,0.4308,0.214,0.3552,0.6566,0.5657,,True,2026-09-04,0.5553,,True,2026-09-04,2026-09-04,2026-09-15,,,,,,True,,,,
Isthmian League,Enfield Town,Dartford,2026-09-04,,0.7065,0.5994,0.7005,0.1482,0.1513,0.6836,0.6297,,True,2026-09-04,0.5513,,True,2026-09-04,2026-09-04,2026-09-15,,,,,,True,,,,
La Liga,Betis,Real Madrid,2026-09-04,0.8178,0.6427,0.3786,0.3017,0.2341,0.4642,0.6159,0.5095,,True,2026-09-04,0.457,,True,2026-09-04,2026-09-04,,,,,,,True,,,,
Scottish Premiership,Motherwell,Aberdeen,2026-09-04,,0.5244,0.2036,0.4474,0.2821,0.2705,0.4625,0.3307,,True,2026-09-04,0.2877,,True,2026-09-04,2026-09-04,2026-09-15,,,,,,True,,,,
National League,Altrincham,Eastleigh,2026-09-04,0.7542,0.6151,0.2859,0.4918,0.2537,0.2545,0.5339,0.4132,,True,2026-09-04,0.36,,True,2026-09-04,2026-09-04,,,,,,,True,,,,
National League,Aldershot,Yeovil,2026-09-04,,0.6692,0.3149,0.4359,0.254,0.3101,0.5713,0.4515,,True,2026-09-04,0.3638,,True,2026-09-04,2026-09-04,2026-09-15,,,,,,True,,,,
Denmark Superliga,Viborg,Lyngby,2026-09-04,0.7618,0.6159,0.2885,0.498,0.2623,0.2397,0.5383,0.4132,,True,,,,,2026-09-04,,,,,,,,True,,,,
Ligue 2,Boulogne,Dijon,2026-09-04,0.6011,0.399,0.1466,0.3613,0.3095,0.3292,0.4056,0.2688,,True,2026-09-04,0.095,,True,2026-09-04,2026-09-04,,,,,,,True,,,,
La Liga,Elche,Real Madrid,2026-09-04,,0.6579,0.2955,0.2492,0.2449,0.5059,0.5368,0.4205,,True,2026-09-04,0.3456,,True,2026-09-04,2026-09-04,2026-09-15,,,,2026-09-15T19:30:00+00:00,,True,,,,
Isthmian League,Brentwood Town,Stanway Rovers,2026-09-04,,0.7389,0.4913,0.8916,0.077,0.0314,0.3532,0.3169,,True,2026-09-04,0.5489,,True,2026-09-04,2026-09-04,2026-09-15,,,,,,True,,,,
Isthmian League,Burgess Hill Town,Dulwich Hamlet,2026-09-04,,0.7058,0.3822,0.3466,0.2223,0.431,0.617,0.5172,,False,2026-09-04,0.4788,,False,2026-09-04,2026-09-04,2026-09-15,,,,,,True,,,,
Eredivisie,Ajax,Willem II,2026-09-04,,0.6614,0.3014,0.6209,0.2335,0.1456,0.4952,0.3837,,True,2026-09-04,0.4212,,True,2026-09-04,2026-09-04,2026-09-15,,,,2026-09-15T18:00:00+00:00,,True,,,,
National League,Tamworth,Boston Utd,2026-09-05,0.7906,0.6275,0.3338,0.4454,0.2326,0.322,0.5973,0.4719,,True,2026-09-05,0.3426,,True,2026-09-05,2026-09-05,,,,,,,True,,,,
Norway Eliteserien,Brann,Lillestrom,2026-09-05,0.8211,0.6345,0.3873,0.6723,0.1364,0.1913,0.559,0.4762,,True,,,,,2026-09-05,,,,,,,,True,,,,
National League North,Oxford City,Chorley,2026-09-05,0.7057,0.5644,0.199,0.4519,0.2511,0.297,0.4508,0.3623,,True,2026-09-05,0.3199,,True,2026-09-05,2026-09-05,,,,,,,True,,,,
National League,Tamworth,Worthing,2026-09-05,,0.7421,,0.4034,0.2145,0.3821,,,,True,,,,,2026-09-05,,,,,,,,True,,,,
National League North,Morecambe,Buxton,2026-09-05,0.5602,0.3931,0.1236,0.3647,0.2882,0.3471,0.5458,0.3411,,True,2026-09-05,0.1019,,True,2026-09-05,2026-09-05,,,,,,,True,,,,
National League North,Merthyr Town,Macclesfield,2026-09-05,0.8864,0.7231,0.5164,0.4232,0.1669,0.4099,0.7149,0.6342,,True,2026-09-05,0.3802,,True,2026-09-05,2026-09-05,,,,,,,True,,,,
National League North,Spalding United,Southport,2026-09-05,0.5334,0.3835,0.1081,0.5416,0.276,0.1824,0.2967,0.387,,True,2026-09-05,0.1107,,True,2026-09-05,2026-09-05,,,,,,,True,,,,
National League South,Walton & Hersham,Ebbsfleet United,2026-09-05,0.8882,0.7271,0.5206,0.0395,0.0833,0.8772,0.5119,0.3641,,True,2026-09-05,0.439,,True,2026-09-05,2026-09-05,,,,,,,True,,,,
National League,Wealdstone,Kidderminster,2026-09-05,0.6481,0.4765,0.3208,0.4328,0.2973,0.2699,0.491,0.2856,,True,2026-09-05,0.336,,True,2026-09-05,2026-09-05,,,,,,,True,,,,
National League North,Scarborough Athletic,AFC Telford United,2026-09-05,0.7682,0.6243,0.3108,0.4636,0.2242,0.3122,0.5491,0.449,,True,2026-09-05,0.3264,,True,2026-09-05,2026-09-05,,,,,,,True,,,,
National League,Wealdstone,Carlisle,2026-09-05,,0.6346,,0.2365,0.2255,0.538,,,,True,,,,,2026-09-05,,,,,,,,True,,,,
National League North,Brackley Town,Harborough Town,2026-09-05,0.7692,0.6245,0.312,0.3741,0.1963,0.4296,0.5432,0.4466,,True,2026-09-05,0.1143,,True,2026-09-05,2026-09-05,,,,,,,True,,,,
National League South,AFC Totton,Hampton & Richmond Borough,2026-09-05,0.7878,0.6288,0.3432,0.5003,0.2014,0.2982,0.5824,0.4761,,True,2026-09-05,0.3695,,True,2026-09-05,2026-09-05,,,,,,,True,,,,
National League South,Hemel Hempstead Town,Farnham Town,2026-09-05,0.6271,0.4635,0.3375,0.4661,0.2762,0.2577,0.511,0.2909,,True,2026-09-05,0.3227,,True,2026-09-05,2026-09-05,,,,,,,True,,,,
National League South,Horsham,Dagenham & Redbridge,2026-09-05,0.5679,0.3976,0.1312,0.4154,0.2971,0.2876,0.5414,0.3318,,True,2026-09-05,0.3632,,True,2026-09-05,2026-09-05,,,,,,,True,,,,
National League South,Farnborough,Tonbridge Angels,2026-09-05,0.8439,0.6402,0.435,0.4158,0.1745,0.4097,0.6574,0.5656,,True,2026-09-05,0.3879,,True,2026-09-05,2026-09-05,,,,,,,True,,,,
National League North,Darlington,King's Lynn Town,2026-09-05,0.7716,0.625,0.3152,0.5259,0.2113,0.2628,0.5309,0.442,,True,2026-09-05,0.3426,,True,2026-09-05,2026-09-05,,,,,,,True,,,,
National League North,Hebburn Town,Chester,2026-09-05,0.7629,0.6234,0.3038,0.5144,0.2184,0.2671,0.5163,0.4305,,True,2026-09-05,0.3439,,True,2026-09-05,2026-09-05,,,,,,,True,,,,
National League South,Dover Athletic,Maidenhead United,2026-09-05,0.6519,0.4958,0.2953,0.3832,0.2144,0.4025,0.4943,0.2965,,True,2026-09-05,0.3383,,True,2026-09-05,2026-09-05,,,,,,,True,,,,
National League North,Marine,Worksop Town,2026-09-05,0.7594,0.6227,0.2995,0.4633,0.228,0.3087,0.531,0.4357,,True,2026-09-05,0.322,,True,2026-09-05,2026-09-05,,,,,,,True,,,,
National League South,Maidstone United,Weston-super-Mare,2026-09-05,0.6515,0.4952,0.2961,0.4763,0.2563,0.2674,0.494,0.2966,,True,2026-09-05,0.3325,,True,2026-09-05,2026-09-05,,,,,,,True,,,,
National League South,Chelmsford City,Salisbury,2026-09-05,0.7236,0.5967,0.1505,0.5902,0.1894,0.2204,0.4622,0.3625,,True,2026-09-05,0.3254,,True,2026-09-05,2026-09-05,,,,,,,True,,,,
National League South,Billericay Town,Dorking Wanderers,2026-09-05,0.776,0.6266,0.3268,0.4584,0.2068,0.3347,0.5688,0.465,,True,2026-09-05,0.3448,,True,2026-09-05,2026-09-05,,,,,,,True,,,,
National League South,Torquay United,Folkestone Invicta,2026-09-05,0.6576,0.5029,0.2858,0.4068,0.1826,0.4107,0.5027,0.2893,,True,2026-09-05,0.3207,,True,2026-09-05,2026-09-05,,,,,,,True,,,,
National League North,Bedford Town,Radcliffe,2026-09-05,0.8458,0.6399,0.4319,0.5164,0.1884,0.2952,0.6496,0.5554,,True,2026-09-05,0.4074,,True,2026-09-05,2026-09-05,,,,,,,True,,,,
National League South,Truro City,Chesham United,2026-09-05,0.5583,0.3922,0.122,0.8203,0.144,0.0357,0.1218,0.0813,,True,2026-09-05,0.3632,,True,2026-09-05,2026-09-05,,,,,,,True,,,,
National League North,Hereford,Spennymoor Town,2026-09-05,0.7656,0.6239,0.3073,0.5051,0.2208,0.2741,0.5264,0.4367,,True,2026-09-05,0.3708,,True,2026-09-05,2026-09-05,,,,,,,True,,,,
National League South,Slough Town,Braintree Town,2026-09-05,0.9529,0.8646,0.7168,0.7063,0.1378,0.1559,0.7643,0.7268,,True,2026-09-05,0.4874,,True,2026-09-05,2026-09-05,,,,,,,True,,,,
National League North,Hednesford Town,South Shields,2026-09-05,0.8114,0.6326,0.3725,0.436,0.1069,0.4571,0.5306,0.46,,True,2026-09-05,0.3207,,True,2026-09-05,2026-09-05,,,,,,,True,,,,
Argentina Primera Division,Aldosivi,Banfield,2026-09-05,0.5638,0.3887,0.1163,0.3676,0.3233,0.309,0.5405,0.3492,,True,,,,,2026-09-05,,,,,,,,True,,,,
Norway Eliteserien,Molde,KFUM Oslo,2026-09-05,0.7758,0.609,0.3197,0.6187,0.1729,0.2085,0.4885,0.4228,False,True,,,,,2026-09-05,,,,,,,,True,,,,
Serie B,Juve Stabia,Pisa,2026-09-02,,0.5267,0.2147,0.3435,0.3123,0.3443,0.4984,0.3504,,True,2026-09-05,0.3159,False,True,2026-09-02,2026-09-05,2026-09-06,,,,,,True,,,,
Serie B,Cremonese,Padova,2026-09-02,,0.3013,0.1236,0.3362,0.3535,0.3104,0.3907,0.2387,,True,2026-09-05,0.3186,False,True,2026-09-02,2026-09-05,2026-09-06,,,,,,True,,,,
Serie B,Cesena,Mantova,2026-09-02,,0.68,0.3057,0.4339,0.2796,0.2865,0.5741,0.4411,,True,2026-09-05,0.381,False,True,2026-09-02,2026-09-05,2026-09-06,,,,,,True,,,,
Serie B,Carrarese,Empoli,2026-09-05,0.7268,0.5677,0.1941,0.4668,0.2941,0.2392,0.4445,0.355,,True,2026-09-05,0.3341,,True,2026-09-05,2026-09-05,,,,,,,True,,,,
Serie B,Ascoli,Benevento,2026-09-05,0.6516,0.4673,0.3327,0.6222,0.2585,0.1193,0.5421,0.3287,,True,2026-09-05,0.0653,,True,2026-09-05,2026-09-05,,,,,,,True,,,,
Serie A,Roma,Atalanta,2026-09-05,0.7437,0.6151,0.122,0.3876,0.2426,0.3698,0.5067,0.4104,,True,2026-09-05,0.3278,,True,2026-09-05,2026-09-05,,,,,,,True,,,,
Serie A,Parma,Monza,2026-09-02,,0.3609,0.1486,0.3652,0.3083,0.3265,0.4078,0.2712,,True,2026-09-05,0.3362,False,True,2026-09-02,2026-09-05,2026-09-06,,,,,,True,,,,
Serie A,Juventus,Milan,2026-09-02,,0.7355,0.4176,0.2975,0.2277,0.4748,0.6438,0.5436,,True,2026-09-05,0.347,False,True,2026-09-02,2026-09-05,2026-09-06,,,,,,True,,,,
Serie A,Inter,Napoli,2026-09-05,0.7401,0.6096,0.1305,0.6089,0.1934,0.1977,0.4592,0.3629,,True,2026-09-05,0.344,,True,2026-09-05,2026-09-05,,,,,,,True,,,,
Serie A,Frosinone,Venezia,2026-09-02,,0.197,0.0844,0.3797,0.3485,0.2718,0.3105,0.1804,,True,2026-09-05,0.355,False,True,2026-09-02,2026-09-05,2026-09-06,,,,,,True,,,,
Serie A,Fiorentina,Torino,2026-09-05,0.6585,0.4924,0.2998,0.4347,0.2904,0.2749,0.4838,0.2995,,True,2026-09-05,0.3378,,True,2026-09-05,2026-09-05,,,,,,,True,,,,
Serie B,Sudtirol,Catanzaro,2026-09-05,0.7997,0.6271,0.3308,0.407,0.1888,0.4041,0.5694,0.4518,,True,2026-09-05,0.36,,True,2026-09-05,2026-09-05,,,,,,,True,,,,
USA MLS,Vancouver Whitecaps,St. Louis City,2026-09-05,0.8841,0.7083,0.498,0.7023,0.1169,0.1808,0.6448,0.565,False,True,,,,,2026-09-05,,,,,,,,True,,,,
USA MLS,Toronto FC,Chicago Fire,2026-09-05,0.7577,0.5906,0.0985,0.3724,0.2612,0.3665,0.5327,0.4234,False,True,,,,,2026-09-05,,,,,,,,True,,,,
USA MLS,Real Salt Lake,Los Angeles FC,2026-09-05,0.7479,0.5815,0.1231,0.3922,0.268,0.3398,0.5151,0.4101,False,True,,,,,2026-09-05,,,,,,,,True,,,,
USA MLS,Portland Timbers,Minnesota United,2026-09-05,0.7742,0.6023,0.3074,0.4416,0.25,0.3084,0.5622,0.4462,False,True,,,,,2026-09-05,,,,,,,,True,,,,
USA MLS,Philadelphia Union,CF Montreal,2026-09-05,0.7962,0.619,0.3385,0.6228,0.1802,0.197,0.5193,0.4384,False,True,,,,,2026-09-05,,,,,,,,True,,,,
USA MLS,Orlando City,San Diego FC,2026-09-05,0.7992,0.6208,0.3421,0.418,0.2362,0.3458,0.6181,0.4813,False,True,,,,,2026-09-05,,,,,,,,True,,,,
USA MLS,New York City,Nashville SC,2026-09-05,0.7027,0.5465,0.225,0.4429,0.2875,0.2696,0.4541,0.3453,,True,,,,,2026-09-05,,,,,,,,True,,,,
USA MLS,Los Angeles Galaxy,New England Revolution,2026-09-05,0.7833,0.609,0.3196,0.4759,0.2452,0.2789,0.571,0.4555,False,True,,,,,2026-09-05,,,,,,,,True,,,,
USA MLS,Inter Miami,Atlanta Utd,2026-09-05,0.8765,0.6947,0.4815,0.7527,0.1103,0.137,0.6101,0.5198,False,True,,,,,2026-09-05,,,,,,,,True,,,,
USA MLS,FC Dallas,Sporting Kansas City,2026-09-05,0.7853,0.6109,0.3232,0.629,0.18,0.191,0.4876,0.4174,False,True,,,,,2026-09-05,,,,,,,,True,,,,
USA MLS,FC Cincinnati,DC United,2026-09-05,0.8286,0.6446,0.3895,0.6791,0.1436,0.1774,0.5551,0.4701,False,False,,,,,2026-09-05,,2026-09-06,,,,,,True,,,,
USA MLS,Columbus Crew,Colorado Rapids,2026-09-05,0.7698,0.5993,0.3018,0.4987,0.2435,0.2578,0.5275,0.4277,False,True,,,,,2026-09-05,,,,,,,,True,,,,
USA MLS,Charlotte,Houston Dynamo,2026-09-05,0.7289,0.5563,0.1676,0.4989,0.257,0.2442,0.4458,0.3671,False,True,,,,,2026-09-05,,,,,,,,True,,,,
USA MLS,Austin FC,San Jose Earthquakes,2026-09-05,0.7457,0.5785,0.1285,0.3964,0.2694,0.3342,0.5107,0.407,False,True,,,,,2026-09-05,,,,,,,,True,,,,
Switzerland Super League,Young Boys,Luzern,2026-09-05,0.8303,0.6351,0.3921,0.5718,0.1925,0.2357,0.6373,0.5064,,True,,,,,2026-09-05,,,,,,,,True,,,,
Switzerland Super League,Vaduz,Lausanne,2026-09-05,0.8507,0.6396,0.4294,0.7407,0.1229,0.1364,0.5812,0.4931,,True,,,,,2026-09-05,,,,,,,,True,,,,
Switzerland Super League,Sion,Thun,2026-09-05,0.7801,0.6068,0.3156,0.4814,0.2443,0.2743,0.5613,0.4495,False,True,,,,,2026-09-05,,,,,,,,True,,,,
Switzerland Super League,Servette,St. Gallen,2026-09-05,0.7797,0.6065,0.315,0.3877,0.2404,0.3719,0.5774,0.4568,False,True,,,,,2026-09-05,,,,,,,,True,,,,
Switzerland Super League,Grasshoppers,Zurich,2026-09-05,0.6835,0.5199,0.2624,0.431,0.2929,0.2761,0.4662,0.3237,,True,,,,,2026-09-05,,,,,,,,True,,,,
Switzerland Super League,Basel,Lugano,2026-09-05,0.7653,0.5962,0.2963,0.3785,0.2159,0.4057,0.5323,0.4278,False,True,,,,,2026-09-05,,,,,,,,True,,,,
Serie B,Virtus Entella,Vicenza,2026-09-02,,0.7265,0.3981,0.5262,0.2446,0.2292,0.6245,0.5128,,True,2026-09-05,0.3485,True,True,2026-09-02,2026-09-05,2026-09-06,,,,,,True,,,,
Serie B,Modena,Avellino,2026-09-05,0.6935,0.4986,0.2631,0.4434,0.3084,0.2482,0.4633,0.3184,False,True,2026-09-05,0.344,False,True,2026-09-05,2026-09-05,2026-09-06,,,,,,True,,,,
Norway Eliteserien,Kristiansund,Tromso,2026-09-05,0.6418,0.4602,0.322,0.3731,0.2485,0.3783,0.4976,0.2825,False,True,,,,,2026-09-05,,,,,,,,True,,,,
Scottish Premiership,St Mirren,Motherwell,2026-09-05,,0.5559,,0.2966,0.2752,0.4282,,,,True,2026-09-05,0.4761,,True,2026-09-05,2026-09-05,,,,,,,True,,,,
Premier League,Hull,Aston Villa,2026-09-05,0.2505,0.0702,0.0157,0.3629,0.4551,0.182,0.1373,0.0505,,True,2026-09-05,0.3385,,True,2026-09-05,2026-09-05,,,,,,,True,,,,
Premier League,Fulham,Crystal Palace,2026-09-05,0.6726,0.4975,0.2931,0.4464,0.3044,0.2492,0.4782,0.2991,,True,2026-09-05,0.3294,,True,2026-09-05,2026-09-05,,,,,,,True,,,,
Premier League,Everton,Man United,2026-09-02,,0.5642,0.231,0.3959,0.2953,0.3088,0.5072,0.3667,,True,2026-09-05,0.3444,False,True,2026-09-02,2026-09-05,2026-09-06,,,,,,True,,,,
Premier League,Crystal Palace,Man City,2026-09-05,,0.6203,,0.25,0.271,0.479,,,,True,2026-09-05,0.3771,,True,2026-09-05,2026-09-05,,,,,,,True,,,,
Premier League,Coventry,Hull,2026-09-05,,0.0598,,0.1465,0.5016,0.3519,,,,True,2026-09-05,0.1913,,True,2026-09-05,2026-09-05,,,,,,,True,,,,
Premier League,Chelsea,Brighton,2026-09-05,,0.8321,,0.6181,0.1775,0.2044,,,,True,2026-09-05,0.5502,,True,2026-09-05,2026-09-05,,,,,,,True,,,,
Premier League,Brighton,Leeds,2026-09-05,0.8905,0.7141,0.5052,0.6704,0.1368,0.1928,0.6653,0.5816,,True,2026-09-05,0.3179,,True,2026-09-05,2026-09-05,,,,,,,True,,,,
Premier League,Brentford,Sunderland,2026-09-05,0.7699,0.6223,0.2962,0.5407,0.2365,0.2228,0.5019,0.4093,,True,2026-09-05,0.3203,,True,2026-09-05,2026-09-05,,,,,,,True,,,,
Premier League,Bournemouth,Everton,2026-09-05,,0.4759,,0.4128,0.3118,0.2754,,,,True,2026-09-05,0.2961,,True,2026-09-05,2026-09-05,,,,,,,True,,,,
Premier League,Aston Villa,Arsenal,2026-09-05,,0.4616,,0.3171,0.3191,0.3638,,,,True,2026-09-05,0.2857,,True,2026-09-05,2026-09-05,,,,,,,True,,,,
Premier League,Arsenal,Chelsea,2026-09-02,,0.7492,0.492,0.4061,0.2336,0.3602,0.7087,0.6138,,True,2026-09-05,0.3773,False,True,2026-09-02,2026-09-05,2026-09-06,,,,,,True,,,,
Poland Ekstraklasa,Widzew Lodz,Radomiak Radom,2026-09-05,0.7369,0.5877,0.1643,0.5524,0.2447,0.2029,0.4543,0.3526,,True,,,,,2026-09-05,,,,,,,,True,,,,
Poland Ekstraklasa,Motor Lublin,Legia,2026-09-05,0.7955,0.6266,0.327,0.4107,0.271,0.3183,0.6079,0.4664,,True,,,,,2026-09-05,,,,,,,,True,,,,
Poland Ekstraklasa,Lech Poznan,Rakow,2026-09-05,0.7829,0.6037,0.3098,0.4569,0.2771,0.266,0.5687,0.4443,False,True,,,,,2026-09-05,,,,,,,,True,,,,
Poland Ekstraklasa,Korona Kielce,Wisla,2026-09-05,0.8076,0.629,0.3449,0.3633,0.2386,0.3981,0.6279,0.4812,,True,,,,,2026-09-05,,,,,,,,True,,,,
Poland Ekstraklasa,Jagiellonia,Slask Wroclaw,2026-09-05,0.7721,0.5961,0.296,0.4851,0.2734,0.2416,0.5262,0.4187,False,True,,,,,2026-09-05,,,,,,,,True,,,,
Poland Ekstraklasa,Cracovia,Gornik Zabrze,2026-09-05,0.7076,0.5187,0.2308,0.3872,0.2985,0.3143,0.4462,0.3464,False,True,,,,,2026-09-05,,,,,,,,True,,,,
Norway Eliteserien,Sarpsborg 08,Valerenga,2026-09-05,0.8176,0.6409,0.3819,0.5127,0.2021,0.2852,0.6405,0.5098,False,True,,,,,2026-09-05,,,,,,,,True,,,,
Norway Eliteserien,Rosenborg,HamKam,2026-09-05,0.7527,0.6214,0.2901,0.5599,0.205,0.235,0.4729,0.404,,True,,,,,2026-09-05,,,,,,,,True,,,,
Premier League,Leeds,Brentford,2026-09-05,,0.6369,,0.2217,0.2324,0.5459,,,,True,2026-09-05,0.3022,,True,2026-09-05,2026-09-05,,,,,,,True,,,,
Serie A,Bologna,Sassuolo,2026-09-02,,0.7373,0.4217,0.4124,0.2316,0.356,0.6545,0.5535,,True,2026-09-05,0.3384,False,True,2026-09-02,2026-09-05,2026-09-06,,,,,,True,,,,
Premier League,Liverpool,Nott'm Forest,2026-09-05,,0.6268,,0.5562,0.245,0.1988,,,,True,2026-09-05,0.3604,,True,2026-09-05,2026-09-05,,,,,,,True,,,,
Premier League,Man United,Ipswich,2026-09-05,,0.7659,,0.7327,0.1551,0.1122,,,,True,2026-09-05,0.4996,,True,2026-09-05,2026-09-05,,,,,,,True,,,,
Scottish Premiership,St Mirren,Celtic,2026-09-05,0.8611,0.6709,0.4537,0.4452,0.0878,0.467,0.6203,0.5189,,True,2026-09-05,0.6719,,True,2026-09-05,2026-09-05,,,,,,,True,,,,
Scottish Premiership,St Johnstone,Hibernian,2026-09-02,,0.6409,0.266,0.2215,0.2518,0.5267,0.5035,0.3837,,True,2026-09-05,0.3624,False,True,2026-09-02,2026-09-05,2026-09-06,,,,,,True,,,,
National League,Southend,Yeovil,2026-09-05,0.7081,0.5596,0.2061,0.6489,0.1993,0.1518,0.4954,0.3056,,True,2026-09-05,0.3179,,True,2026-09-05,2026-09-05,,,,,,,True,,,,
Scottish Premiership,Kilmarnock,Dundee United,2026-09-05,,0.4838,,0.4289,0.2909,0.2802,,,,True,2026-09-05,0.3341,,True,2026-09-05,2026-09-05,,,,,,,True,,,,
Scottish Premiership,Hearts,St Johnstone,2026-09-05,,0.6214,,0.6639,0.2079,0.1282,,,,True,2026-09-05,0.3806,,True,2026-09-05,2026-09-05,,,,,,,True,,,,
Scottish Premiership,Dundee United,Falkirk,2026-09-05,0.6121,0.4321,0.3768,0.4727,0.2968,0.2305,0.5269,0.3172,,True,2026-09-05,0.3278,,True,2026-09-05,2026-09-05,,,,,,,True,,,,
Scottish Premiership,Dundee,Hibernian,2026-09-05,,0.6249,,0.2845,0.2503,0.4652,,,,True,2026-09-05,0.5808,,True,2026-09-05,2026-09-05,,,,,,,True,,,,
Scottish Premiership,Celtic,Falkirk,2026-09-05,,0.6406,,0.7578,0.1519,0.0904,,,,True,2026-09-05,0.581,,True,2026-09-05,2026-09-05,,,,,,,True,,,,
Scottish Premiership,Aberdeen,Rangers,2026-09-05,,0.6205,,0.2824,0.258,0.4595,,,,True,2026-09-05,0.3605,,True,2026-09-05,2026-09-05,,,,,,,True,,,,
Scottish Premiership,Aberdeen,Kilmarnock,2026-09-05,0.6495,0.479,0.3175,0.4737,0.2874,0.2388,0.5004,0.2848,,True,2026-09-05,0.316,,True,2026-09-05,2026-09-05,,,,,,,True,,,,
Scottish League Two,Kelty Hearts,Annan Athletic,2026-09-05,0.7999,0.6286,0.3416,0.479,0.2411,0.2799,0.6052,0.4749,,True,2026-09-05,0.4025,,True,2026-09-05,2026-09-05,,,,,,,True,,,,
Scottish League Two,Clyde,Edinburgh City,2026-09-05,0.8509,0.6393,0.4274,0.6623,0.1478,0.1899,0.6306,0.5134,,True,2026-09-05,0.3723,,True,2026-09-05,2026-09-05,,,,,,,True,,,,
Scottish League One,Peterhead,Montrose,2026-09-05,0.8582,0.6396,0.43,0.452,0.2303,0.3177,0.6687,0.5595,,True,2026-09-05,0.3799,,True,2026-09-05,2026-09-05,,,,,,,True,,,,
Scottish League One,East Fife,Ross County,2026-09-05,0.6477,0.4636,0.3374,0.4294,0.1912,0.3794,0.5334,0.3216,,True,2026-09-05,0.3182,,True,2026-09-05,2026-09-05,,,,,,,True,,,,
Romania Superliga,UTA Arad,Csikszereda M. Ciuc,2026-09-05,0.6637,0.4928,0.2993,0.4983,0.2813,0.2204,0.4975,0.2814,,True,,,,,2026-09-05,,,,,,,,True,,,,
Romania Superliga,Petrolul,Corvinul,2026-09-05,0.4301,0.3487,0.0591,0.3988,0.3077,0.2935,0.2642,0.1383,True,True,,,,,2026-09-05,,,,,,,,True,,,,
Romania Superliga,FC Botosani,Sepsi Sf. Gheorghe,2026-09-05,0.6665,0.4963,0.2946,0.4695,0.2913,0.2392,0.4879,0.2924,,True,,,,,2026-09-05,,,,,,,,True,,,,
Premier League,Tottenham,Newcastle,2026-09-05,,0.5677,,0.3287,0.2932,0.378,,,,True,2026-09-05,0.495,,True,2026-09-05,2026-09-05,,,,,,,True,,,,
Premier League,Sunderland,Fulham,2026-09-05,,0.3744,,0.2893,0.3628,0.3479,,,,True,2026-09-05,0.1919,,True,2026-09-05,2026-09-05,,,,,,,True,,,,
Premier League,Nott'm Forest,Tottenham,2026-09-05,0.6479,0.4648,0.3358,0.3695,0.31,0.3205,0.4871,0.2829,,True,2026-09-05,0.3171,,True,2026-09-05,2026-09-05,,,,,,,True,,,,
Premier League,Newcastle,Bournemouth,2026-09-05,0.6612,0.4826,0.3128,0.4534,0.3055,0.2411,0.4883,0.2838,,True,2026-09-05,0.3656,,True,2026-09-05,2026-09-05,,,,,,,True,,,,
Premier League,Man City,Coventry,2026-09-05,0.6066,0.4196,0.3918,0.7404,0.1928,0.0668,0.2645,0.3987,,True,2026-09-05,0.3777,,True,2026-09-05,2026-09-05,,,,,,,True,,,,
Scottish Premiership,Rangers,Motherwell,2026-09-05,0.766,0.623,0.3014,0.603,0.1917,0.2053,0.4684,0.4025,,True,2026-09-05,0.3958,,True,2026-09-05,2026-09-05,,,,,,,True,,,,
National League,Scunthorpe,Solihull,2026-09-05,,0.6647,,0.5394,0.2158,0.2448,,,,True,,,,,2026-09-05,,,,,,,,True,,,,
Eredivisie,Nijmegen,Feyenoord,2026-09-05,0.8898,0.7098,0.5,0.4404,0.2048,0.3548,0.7145,0.6204,,True,2026-09-05,0.4711,,True,2026-09-05,2026-09-05,,,,,,,True,,,,
Eredivisie,Heerenveen,AZ Alkmaar,2026-09-02,,0.7026,0.3489,0.2761,0.2597,0.4642,0.6011,0.4798,,True,2026-09-05,0.4229,False,True,2026-09-02,2026-09-05,2026-09-06,,,,,,True,,,,
Eredivisie,Groningen,Twente,2026-09-02,,0.7236,0.392,0.4898,0.2471,0.2631,0.6285,0.516,,True,2026-09-05,0.3912,False,True,2026-09-02,2026-09-05,2026-09-06,,,,,,True,,,,
Eredivisie,Den Haag,For Sittard,2026-09-02,,0.4011,0.1639,0.3358,0.3253,0.3389,0.4391,0.2907,,True,2026-09-05,0.3386,True,True,2026-09-02,2026-09-05,2026-09-06,,,,,,True,,,,
Eredivisie,Ajax,PSV Eindhoven,2026-09-05,0.9286,0.7897,0.6045,0.4277,0.1742,0.398,0.7767,0.7039,,True,2026-09-05,0.4955,,True,2026-09-05,2026-09-05,,,,,,,True,,,,
Denmark Superliga,Sonderjyske,Horsens,2026-09-05,0.6903,0.5032,0.2558,0.3986,0.2949,0.3065,0.4589,0.3305,True,True,,,,,2026-09-05,,,,,,,,True,,,,
Denmark Superliga,Odense,FC Copenhagen,2026-09-05,0.7744,0.6005,0.3041,0.3561,0.2583,0.3856,0.5623,0.4425,False,True,,,,,2026-09-05,,,,,,,,True,,,,
Denmark Superliga,Brondby,Randers FC,2026-09-05,0.6464,0.4526,0.3332,0.4856,0.2948,0.2196,0.5084,0.298,False,True,,,,,2026-09-05,,,,,,,,True,,,,
Denmark Superliga,Aarhus,Silkeborg,2026-09-05,0.7626,0.6214,0.091,0.5773,0.2166,0.206,0.4674,0.3926,,True,,,,,2026-09-05,,,,,,,,True,,,,
China Super League,Yunnan Yukun,Liaoning Tieren,2026-09-05,0.8353,0.6508,0.4025,0.5696,0.1893,0.2411,0.653,0.5172,False,True,,,,,2026-09-05,,,,,,,,True,,,,
China Super League,Wuhan Three Towns,Qingdao West Coast,2026-09-05,0.6801,0.5171,0.2664,0.4443,0.2902,0.2656,0.4706,0.3189,,True,,,,,2026-09-05,,,,,,,,True,,,,
China Super League,Tianjin Jinmen Tiger,Zhejiang Professional,2026-09-05,0.7489,0.585,0.1168,0.4334,0.2565,0.3101,0.5135,0.412,False,True,,,,,2026-09-05,,,,,,,,True,,,,
China Super League,Shanghai Port,Beijing Guoan,2026-09-05,0.8797,0.7013,0.4896,0.5389,0.1837,0.2774,0.6902,0.6015,,True,,,,,2026-09-05,,,,,,,,True,,,,
China Super League,Henan Songshan Longmen,Chengdu Rongcheng,2026-09-05,0.7995,0.6222,0.3446,0.3639,0.2173,0.4188,0.6114,0.4804,False,True,,,,,2026-09-05,,,,,,,,True,,,,
China Super League,Dalian Yingbo,Qingdao Hainiu,2026-09-05,0.6832,0.5215,0.2603,0.4677,0.2844,0.2479,0.4742,0.3164,,True,,,,,2026-09-05,,,,,,,,True,,,,
China Super League,Chongqing Tonglianglong,Shanghai Shenhua,2026-09-05,0.6724,0.4873,0.2807,0.3822,0.2421,0.3757,0.4791,0.3065,False,True,,,,,2026-09-05,,,,,,,,True,,,,
Championship,Wrexham,Birmingham,2026-09-05,,0.6262,,0.4957,0.2519,0.2523,,,,True,2026-09-05,0.5138,,True,2026-09-05,2026-09-05,,,,,,,True,,,,
Championship,Wolves,Stoke,2026-09-05,,0.6328,,0.5334,0.2351,0.2315,,,,True,2026-09-05,0.6194,,True,2026-09-05,2026-09-05,,,,,,,True,,,,
Championship,West Ham,Derby,2026-09-05,0.8372,0.6363,0.402,0.5713,0.1931,0.2356,0.653,0.5154,,True,2026-09-05,0.4571,,True,2026-09-05,2026-09-05,,,,,,,True,,,,
Championship,West Brom,Watford,2026-09-05,0.6065,0.4197,0.3917,0.4737,0.3059,0.2204,0.5329,0.3275,,True,2026-09-05,0.3173,,True,2026-09-05,2026-09-05,,,,,,,True,,,,
Championship,Watford,West Ham,2026-09-05,,0.6218,,0.3025,0.2676,0.4299,,,,True,2026-09-05,0.6041,,True,2026-09-05,2026-09-05,,,,,,,True,,,,
Eredivisie,Telstar,Cambuur,2026-09-05,0.8772,0.6899,0.4758,0.7872,0.1029,0.1099,0.5577,0.4915,True,True,2026-09-05,0.6798,True,True,2026-09-05,2026-09-05,2026-09-06,,,,,,True,,,,
Eredivisie,Willem II,Excelsior,2026-09-05,0.754,0.614,0.1236,0.3961,0.2815,0.3225,0.526,0.4097,,True,2026-09-05,0.3513,,True,2026-09-05,2026-09-05,,,,,,,True,,,,
National League,Southend,Kidderminster,2026-09-05,,0.4594,,0.5683,0.2689,0.1628,,,,True,,,,,2026-09-05,,,,,,,,True,,,,
La Liga,Espanol,Sevilla,2026-09-02,,0.4655,0.1892,0.5058,0.2713,0.2228,0.4268,0.3028,,True,2026-09-05,0.3438,False,True,2026-09-02,2026-09-05,2026-09-06,,,,,,True,,,,
La Liga,Ath Bilbao,Ath Madrid,2026-09-05,0.7261,0.5896,0.1614,0.3912,0.1999,0.4088,0.4445,0.3747,,True,2026-09-05,0.3452,,True,2026-09-05,2026-09-05,,,,,,,True,,,,
La Liga,Alaves,Osasuna,2026-09-02,,0.7473,0.4441,0.5379,0.2116,0.2505,0.6465,0.5551,,True,2026-09-05,0.3211,False,True,2026-09-02,2026-09-05,2026-09-06,,,,,,True,,,,
Jupiler League,Standard,Antwerp,2026-09-05,0.7022,0.5443,0.2281,0.4627,0.2857,0.2517,0.4594,0.3379,,True,2026-09-05,0.3241,,True,2026-09-05,2026-09-05,,,,,,,True,,,,
Jupiler League,St Truiden,RAAL La Louviere,2026-09-05,0.6751,0.5076,0.2793,0.5601,0.252,0.1879,0.5055,0.285,,True,2026-09-05,0.3293,,True,2026-09-05,2026-09-05,,,,,,,True,,,,
Jupiler League,Mechelen,Westerlo,2026-09-05,0.7206,0.5713,0.1888,0.4764,0.2778,0.2458,0.4491,0.358,,True,2026-09-05,0.3652,,True,2026-09-05,2026-09-05,,,,,,,True,,,,
Jupiler League,Kortrijk,Waregem,2026-09-02,,0.5913,0.2431,0.3058,0.2843,0.4099,0.5145,0.3791,,True,2026-09-05,0.3948,False,True,2026-09-02,2026-09-05,2026-09-06,,,,,,True,,,,
Jupiler League,Charleroi,St. Gilloise,2026-09-05,0.6912,0.53,0.2485,0.4308,0.1653,0.4039,0.5025,0.2862,,True,2026-09-05,0.324,,True,2026-09-05,2026-09-05,,,,,,,True,,,,
Jupiler League,Cercle Brugge,Gent,2026-09-02,,0.7462,0.4415,0.5529,0.2207,0.2263,0.6439,0.547,,True,2026-09-05,0.4143,False,True,2026-09-02,2026-09-05,2026-09-06,,,,,,True,,,,
Jupiler League,Beveren,Oud-Heverlee Leuven,2026-09-02,,0.2162,0.0912,0.1545,0.3289,0.5166,0.2843,0.1657,,True,2026-09-05,0.3645,True,True,2026-09-02,2026-09-05,2026-09-06,,,,,,True,,,,
Jupiler League,Anderlecht,Genk,2026-09-02,,0.7466,0.4425,0.4583,0.2349,0.3069,0.6686,0.5673,,True,2026-09-05,0.4015,False,True,2026-09-02,2026-09-05,2026-09-06,,,,,,True,,,,
Eredivisie,Utrecht,Go Ahead Eagles,2026-09-05,0.7369,0.5874,0.1646,0.4068,0.2888,0.3043,0.4921,0.3853,,True,2026-09-05,0.3402,,True,2026-09-05,2026-09-05,2026-09-08,,,,,,True,,,,
Championship,Swansea,Wrexham,2026-09-05,0.7336,0.5903,0.1602,0.4053,0.2774,0.3173,0.4867,0.3882,,True,2026-09-05,0.363,,True,2026-09-05,2026-09-05,,,,,,,True,,,,
Championship,Stoke,Charlton,2026-09-05,0.4781,0.3626,0.0769,0.3646,0.3507,0.2847,0.3072,0.171,,True,2026-09-05,0.3485,,True,2026-09-05,2026-09-05,,,,,,,True,,,,
Championship,Southampton,Millwall,2026-09-05,,0.6346,,0.477,0.2416,0.2814,,,,True,2026-09-05,0.3736,,True,2026-09-05,2026-09-05,,,,,,,True,,,,
Bundesliga,Schalke 04,Bayern Munich,2026-09-05,0.7486,0.615,0.1223,0.0992,0.1587,0.7421,0.5192,0.2888,,True,2026-09-05,0.43,,True,2026-09-05,2026-09-05,,,,,,,True,,,,
Bundesliga,Paderborn,Freiburg,2026-09-05,0.484,0.3639,0.0788,0.4035,0.2814,0.3151,0.2994,0.1671,,True,2026-09-05,0.3475,,True,2026-09-05,2026-09-05,,,,,,,True,,,,
Bundesliga,M'gladbach,Elversberg,2026-09-05,0.6185,0.4317,0.3772,0.4393,0.3153,0.2454,0.5138,0.3108,,True,2026-09-05,0.3385,,True,2026-09-05,2026-09-05,,,,,,,True,,,,
Bundesliga,Leverkusen,Union Berlin,2026-08-31,,0.612,,,,,,,,True,2026-09-05,0.4274,,True,2026-08-31,2026-09-05,,,,,,,True,,,,
Bundesliga,Hoffenheim,Dortmund,2026-08-31,,0.6239,,,,,,,,True,2026-09-05,0.4144,,True,2026-08-31,2026-09-05,,,,,,,True,,,,
Bundesliga,Hamburg,Mainz,2026-09-02,,0.5083,0.2069,0.3936,0.2988,0.3075,0.4806,0.3399,,True,2026-09-05,0.3272,False,True,2026-09-02,2026-09-05,2026-09-06,,,,,,True,,,,
Bundesliga,Ein Frankfurt,Augsburg,2026-09-02,,0.7338,0.414,0.5563,0.2258,0.2179,0.6224,0.5206,,True,2026-09-05,0.4172,False,True,2026-09-02,2026-09-05,2026-09-06,,,,,,True,,,,
Brazil Serie A,Sao Paulo,Atletico-MG,2026-09-05,0.6953,0.5383,0.2367,0.4605,0.2832,0.2563,0.4632,0.3338,,True,,,,,2026-09-05,,,,,,,,True,,,,
Brazil Serie A,Remo,Flamengo RJ,2026-09-05,0.7625,0.5952,0.2944,0.4052,0.1798,0.415,0.4966,0.4113,False,True,,,,,2026-09-05,,,,,,,,True,,,,
Brazil Serie A,Internacional,Santos,2026-09-05,0.7424,0.5761,0.1327,0.4731,0.2573,0.2695,0.4869,0.3964,False,True,,,,,2026-09-05,,,,,,,,True,,,,
Brazil Serie A,Fluminense,Vasco,2026-09-05,0.7939,0.6181,0.3369,0.6262,0.1767,0.1971,0.5137,0.4361,False,True,,,,,2026-09-05,,,,,,,,True,,,,
Brazil Serie A,Cruzeiro,Athletico-PR,2026-09-05,0.6966,0.5166,0.2342,0.4577,0.2835,0.2589,0.4615,0.3363,False,True,,,,,2026-09-05,,,,,,,,True,,,,
Brazil Serie A,Coritiba,Mirassol,2026-09-05,0.6817,0.4982,0.2636,0.4292,0.2905,0.2803,0.4672,0.3232,False,True,,,,,2026-09-05,,,,,,,,True,,,,
Brazil Serie A,Bragantino,Bahia,2026-09-05,0.7575,0.6211,0.0953,0.4318,0.2526,0.3156,0.5308,0.4244,,True,,,,,2026-09-05,,,,,,,,True,,,,
Brazil Serie A,Botafogo RJ,Palmeiras,2026-09-05,0.7319,0.562,0.1576,0.4581,0.2744,0.2674,0.4697,0.3834,False,True,,,,,2026-09-05,,,,,,,,True,,,,
Argentina Primera Division,Velez Sarsfield,Estudiantes L.P.,2026-09-05,0.6391,0.4405,0.3508,0.4327,0.3172,0.2501,0.4987,0.2955,False,True,,,,,2026-09-05,,,,,,,,True,,,,
Argentina Primera Division,San Lorenzo,Talleres Cordoba,2026-09-05,0.5065,0.3687,0.0872,0.389,0.3612,0.2497,0.3276,0.388,False,True,,,,,2026-09-05,,,,,,,,True,,,,
Argentina Primera Division,Rosario Central,Newells Old Boys,2026-09-05,0.6711,0.4784,0.2945,0.5624,0.2579,0.1797,0.5117,0.2955,False,True,,,,,2026-09-05,,,,,,,,True,,,,
Argentina Primera Division,Platense,Dep. Riestra,2026-09-05,0.46,0.3559,0.0678,0.3767,0.3771,0.2462,0.2926,0.1554,,True,,,,,2026-09-05,,,,,,,,True,,,,
Argentina Primera Division,Lanus,Defensa y Justicia,2026-09-05,0.7315,0.5519,0.1751,0.4636,0.2867,0.2497,0.4597,0.3691,False,True,,,,,2026-09-05,,,,,,,,True,,,,
Argentina Primera Division,Gimnasia Mendoza,Boca Juniors,2026-09-05,0.6975,0.5303,0.2479,0.3559,0.2909,0.3532,0.4543,0.3348,,True,,,,,2026-09-05,,,,,,,,True,,,,
Argentina Primera Division,Gimnasia L.P.,Tigre,2026-09-05,0.6172,0.4261,0.384,0.4266,0.3241,0.2493,0.5122,0.3128,,True,,,,,2026-09-05,,,,,,,,True,,,,
Argentina Primera Division,Belgrano,Huracan,2026-09-05,0.5273,0.3764,0.0971,0.4035,0.3528,0.2438,0.3414,0.3761,,True,,,,,2026-09-05,,,,,,,,True,,,,
Bundesliga,Werder Bremen,RB Leipzig,2026-08-31,,0.6668,,0.2315,0.2222,0.5464,,,,True,2026-09-05,0.3535,,True,2026-08-31,2026-09-05,,,,,,,True,,,,
Bundesliga 2,Dresden,Bochum,2026-09-05,0.7573,0.6209,0.0976,0.4812,0.2519,0.2669,0.5125,0.4148,,True,2026-09-05,0.3986,,True,2026-09-05,2026-09-05,,,,,,,True,,,,
Championship,Sheffield United,Norwich,2026-09-05,0.6655,0.4936,0.2982,0.3839,0.2483,0.3678,0.4834,0.2956,,True,2026-09-05,0.3181,,True,2026-09-05,2026-09-05,,,,,,,True,,,,
Championship,QPR,Middlesbrough,2026-09-05,0.8553,0.6402,0.435,0.3815,0.1798,0.4386,0.659,0.5577,,True,2026-09-05,0.4074,,True,2026-09-05,2026-09-05,,,,,,,True,,,,
Championship,Preston,Blackburn,2026-09-05,0.5189,0.3753,0.0953,0.3669,0.3454,0.2878,0.339,0.3757,,True,2026-09-05,0.3509,,True,2026-09-05,2026-09-05,,,,,,,True,,,,
Championship,Portsmouth,Cardiff,2026-09-05,0.7291,0.5839,0.1699,0.4715,0.2771,0.2515,0.4534,0.3713,,True,2026-09-05,0.3541,,True,2026-09-05,2026-09-05,,,,,,,True,,,,
Championship,Norwich,Burnley,2026-09-05,,0.5097,,0.3419,0.2988,0.3593,,,,True,2026-09-05,0.486,,True,2026-09-05,2026-09-05,,,,,,,True,,,,
Championship,Millwall,Bolton,2026-09-05,0.5651,0.3913,0.1206,0.5159,0.2956,0.1885,0.3317,0.3681,,True,2026-09-05,0.3192,,True,2026-09-05,2026-09-05,,,,,,,True,,,,
Championship,Middlesbrough,West Brom,2026-09-05,,0.5837,,0.416,0.2796,0.3043,,,,True,2026-09-05,0.3085,,True,2026-09-05,2026-09-05,,,,,,,True,,,,
Championship,Lincoln,Southampton,2026-09-05,0.7679,0.6225,0.2978,0.3595,0.2437,0.3968,0.5486,0.4348,,True,2026-09-05,0.4294,,True,2026-09-05,2026-09-05,,,,,,,True,,,,
Championship,Derby,Swansea,2026-09-05,,0.5475,,0.4724,0.2801,0.2475,,,,True,2026-09-05,0.4091,,True,2026-09-05,2026-09-05,,,,,,,True,,,,
Championship,Charlton,Preston,2026-09-05,,0.422,,0.4181,0.3169,0.2651,,,,True,2026-09-05,0.2325,,True,2026-09-05,2026-09-05,,,,,,,True,,,,
Championship,Cardiff,Sheffield United,2026-09-05,,0.5935,,0.36,0.2799,0.3601,,,,True,2026-09-05,0.3621,,True,2026-09-05,2026-09-05,,,,,,,True,,,,
Championship,Burnley,Bristol City,2026-09-05,0.6167,0.4324,0.3763,0.5273,0.2793,0.1934,0.5393,0.3296,,True,2026-09-05,0.3736,,True,2026-09-05,2026-09-05,,,,,,,True,,,,
Championship,Bristol City,Portsmouth,2026-09-05,,0.4305,,0.4191,0.3145,0.2664,,,,True,2026-09-05,0.3168,,True,2026-09-05,2026-09-05,,,,,,,True,,,,
Championship,Bolton,Lincoln,2026-09-05,,0.375,,0.3919,0.3505,0.2577,,,,True,2026-09-05,0.4493,,True,2026-09-05,2026-09-05,,,,,,,True,,,,
Championship,Birmingham,Wolves,2026-09-02,,0.7574,0.473,0.4612,0.2268,0.312,0.6879,0.5936,,True,2026-09-05,0.7428,True,True,2026-09-02,2026-09-05,2026-09-06,,,,,,True,,,,
Bundesliga 2,Wolfsburg,Cottbus,2026-09-05,0.8758,0.6936,0.4803,0.6908,0.1241,0.185,0.6366,0.5536,,True,2026-09-05,0.7994,,True,2026-09-05,2026-09-05,,,,,,,True,,,,
Bundesliga 2,Osnabruck,Braunschweig,2026-09-02,,0.6761,0.2984,0.222,0.2481,0.5299,0.5344,0.4163,,True,2026-09-05,0.4173,False,True,2026-09-02,2026-09-05,2026-09-06,,,,,,True,,,,
Bundesliga 2,Kaiserslautern,Darmstadt,2026-09-05,0.7407,0.6044,0.1387,0.5176,0.2438,0.2387,0.4577,0.3813,,True,2026-09-05,0.352,,True,2026-09-05,2026-09-05,,,,,,,True,,,,
Bundesliga 2,Holstein Kiel,Nurnberg,2026-09-05,0.724,0.5787,0.1778,0.443,0.2799,0.2771,0.4606,0.3742,,True,2026-09-05,0.3721,,True,2026-09-05,2026-09-05,,,,,,,True,,,,
Bundesliga 2,Hertha,Magdeburg,2026-09-02,,0.7225,0.3897,0.4797,0.2383,0.282,0.6248,0.5168,,True,2026-09-05,0.6815,False,True,2026-09-02,2026-09-05,2026-09-06,,,,,,True,,,,
Bundesliga 2,Greuther Furth,Heidenheim,2026-09-05,0.883,0.7061,0.4955,0.4443,0.1918,0.3639,0.707,0.6167,True,True,2026-09-05,0.7067,True,True,2026-09-05,2026-09-05,2026-09-06,,,,,,True,,,,
Championship,Blackburn,QPR,2026-09-05,,0.4784,,0.3588,0.3065,0.3347,,,,True,2026-09-05,0.3444,,True,2026-09-05,2026-09-05,,,,,,,True,,,,
La Liga,Valencia,Barcelona,2026-09-05,0.9243,0.794,0.6102,0.1231,0.1428,0.7341,0.6706,0.617,False,True,2026-09-05,0.3792,False,True,2026-09-05,2026-09-05,2026-09-06,,,,,,True,,,,
La Liga,Malaga,Levante,2026-09-05,0.612,0.4244,0.3736,0.3997,0.2997,0.3005,0.5119,0.3033,True,True,2026-09-05,0.3659,True,True,2026-09-05,2026-09-05,2026-09-06,,,,,,True,,,,
La Liga,Villarreal,La Coruna,2026-09-05,0.7491,0.6203,0.1061,0.5908,0.1979,0.2114,0.4453,0.3845,,True,2026-09-05,0.6576,,True,2026-09-05,2026-09-05,,,,,,,True,,,,
Ligue 1,Angers,Rennes,2026-09-02,,0.4476,0.1821,0.31,0.3058,0.3842,0.4529,0.3115,,True,2026-09-05,0.3244,False,True,2026-09-02,2026-09-05,2026-09-06,,,,,,True,,,,
Ligi 1,Trabzonspor,Genclerbirligi,2026-09-02,,0.5209,0.2123,0.5397,0.284,0.1763,0.4486,0.3161,,True,2026-09-05,0.3759,False,True,2026-09-02,2026-09-05,2026-09-06,,,,,,True,,,,
Ligi 1,Kocaelispor,Samsunspor,2026-09-02,,0.24,0.0999,0.29,0.3679,0.3422,0.3543,0.2052,,True,2026-09-05,0.3516,False,True,2026-09-02,2026-09-05,2026-09-06,,,,,,True,,,,
Ligi 1,Kasimpasa,Amedspor,2026-09-02,,0.6803,0.3063,0.4654,0.2749,0.2597,0.5677,0.4369,,True,2026-09-05,0.3603,True,True,2026-09-02,2026-09-05,2026-09-06,,,,,,True,,,,
Ligi 1,Fenerbahce,Besiktas,2026-09-05,0.9317,0.799,0.6168,0.8406,0.1075,0.0519,0.5505,0.5178,,True,2026-09-05,0.66,,True,2026-09-05,2026-09-05,,,,,,,True,,,,
Ligi 1,Erzurumspor,Konyaspor,2026-09-05,0.5333,0.3785,0.1002,0.1058,0.3111,0.5831,0.2654,0.1555,,True,2026-09-05,0.3619,,True,2026-09-05,2026-09-05,,,,,,,True,,,,
Ligi 1,Corum,Eyupspor,2026-09-02,,0.4721,0.1919,0.4903,0.3028,0.2069,0.446,0.3058,,True,2026-09-05,0.3689,True,True,2026-09-02,2026-09-05,2026-09-06,,,,,,True,,,,
Liga I,Sp Lisbon,Nacional,2026-09-05,0.819,0.6342,0.3851,0.7907,0.1365,0.0728,0.5062,0.3439,,True,2026-09-05,0.4078,,True,2026-09-05,2026-09-05,,,,,,,True,,,,
Liga I,Santa Clara,Rio Ave,2026-09-02,,0.3181,0.1305,0.5056,0.2875,0.2069,0.347,0.2286,,True,2026-09-05,0.3553,False,True,2026-09-02,2026-09-05,2026-09-06,,,,,,True,,,,
Liga I,Maritimo,Benfica,2026-09-05,0.891,0.7338,0.5299,0.393,0.1289,0.4781,0.7075,0.6327,,True,2026-09-05,0.6799,,True,2026-09-05,2026-09-05,,,,,,,True,,,,
Liga I,Gil Vicente,Academico Viseu,2026-09-02,,0.6808,0.3072,0.3698,0.2435,0.3867,0.5621,0.4475,,True,2026-09-05,0.381,True,True,2026-09-02,2026-09-05,2026-09-06,,,,,,True,,,,
La Liga,Vallecano,Santander,2026-09-05,0.6074,0.429,0.3804,0.4218,0.3038,0.2744,0.5167,0.3085,,True,2026-09-05,0.3452,,True,2026-09-05,2026-09-05,,,,,,,True,,,,
Liga I,Alverca,Sp Braga,2026-09-05,0.8236,0.6355,0.3956,0.4698,0.1943,0.3359,0.6287,0.5288,,True,2026-09-05,0.3439,,True,2026-09-05,2026-09-05,,,,,,,True,,,,
League Two,York,Exeter,2026-09-05,,0.5671,,0.4513,0.2634,0.2854,,,,True,2026-09-05,0.5353,,True,2026-09-05,2026-09-05,,,,,,,True,,,,
Ligue 1,Le Havre,Brest,2026-09-05,0.7433,0.6058,0.1364,0.3687,0.2441,0.3872,0.4938,0.3968,,True,2026-09-05,0.3567,,True,2026-09-05,2026-09-05,,,,,,,True,,,,
League Two,Walsall,Accrington,2026-09-05,,0.5883,,0.487,0.2546,0.2584,,,,True,2026-09-05,0.3546,,True,2026-09-05,2026-09-05,,,,,,,True,,,,
Ligue 1,Lens,Lorient,2026-09-05,0.8499,0.6393,0.4269,0.7601,0.1172,0.1227,0.5138,0.462,,True,2026-09-05,0.3503,,True,2026-09-05,2026-09-05,,,,,,,True,,,,
National League,Scunthorpe,Harrogate,2026-09-05,0.8636,0.6743,0.4577,0.4614,0.197,0.3416,0.6793,0.5838,,True,2026-09-05,0.4652,,True,2026-09-05,2026-09-05,,,,,,,True,,,,
National League,Hornchurch,Woking,2026-09-05,,0.6386,,0.5675,0.2142,0.2182,,,,True,,,,,2026-09-05,,,,,,,,True,,,,
National League,Hornchurch,Forest Green,2026-09-05,0.8619,0.6715,0.4545,0.5088,0.1968,0.2944,0.6704,0.5756,,True,2026-09-05,0.3846,,True,2026-09-05,2026-09-05,,,,,,,True,,,,
National League,Hartlepool,Woking,2026-09-05,0.654,0.4842,0.3106,0.3844,0.2898,0.3258,0.4836,0.2959,,True,2026-09-05,0.3478,,True,2026-09-05,2026-09-05,,,,,,,True,,,,
National League,Hartlepool,Eastleigh,2026-09-05,,0.6112,,0.4532,0.2624,0.2844,,,,True,,,,,2026-09-05,,,,,,,,True,,,,
National League,Gateshead,Sutton,2026-09-05,,0.6278,,0.4212,0.2505,0.3282,,,,True,,,,,2026-09-05,,,,,,,,True,,,,
National League,Gateshead,Solihull,2026-09-05,0.8249,0.6344,0.3867,0.4425,0.216,0.3415,0.6305,0.522,,True,2026-09-05,0.3855,,True,2026-09-05,2026-09-05,,,,,,,True,,,,
National League,Fylde,Worthing,2026-09-05,0.8973,0.7364,0.5332,0.4206,0.1747,0.4047,0.7292,0.6478,,True,2026-09-05,0.3438,,True,2026-09-05,2026-09-05,,,,,,,True,,,,
National League,Fylde,Forest Green,2026-09-05,,0.6314,,0.2809,0.2393,0.4798,,,,True,,,,,2026-09-05,,,,,,,,True,,,,
National League,Boreham Wood,Carlisle,2026-09-05,0.8542,0.6407,0.4391,0.4489,0.2015,0.3496,0.6676,0.5685,,True,2026-09-05,0.4054,,True,2026-09-05,2026-09-05,,,,,,,True,,,,
National League,Barrow,Yeovil,2026-09-05,,0.5162,,0.438,0.2833,0.2787,,,,True,,,,,2026-09-05,,,,,,,,True,,,,
National League,Barrow,Sutton,2026-09-05,0.7201,0.5767,0.1808,0.4567,0.2746,0.2686,0.4483,0.3701,,True,2026-09-05,0.3457,,True,2026-09-05,2026-09-05,,,,,,,True,,,,
National League,Altrincham,Halifax,2026-09-05,,0.5778,,0.3979,0.2736,0.3285,,,,True,,,,,2026-09-05,,,,,,,,True,,,,
National League,Aldershot,Harrogate,2026-09-05,,0.6966,,0.3233,0.2209,0.4558,,,,True,,,,,2026-09-05,,,,,,,,True,,,,
National League,Aldershot,Halifax,2026-09-05,0.7923,0.6278,0.3362,0.3961,0.2266,0.3773,0.6042,0.4756,,True,2026-09-05,0.3451,,True,2026-09-05,2026-09-05,,,,,,,True,,,,
Mexico Liga MX,Tigres UANL,Necaxa,2026-09-05,0.806,0.6244,0.3491,0.592,0.1975,0.2105,0.5597,0.4596,False,True,,,,,2026-09-05,,,,,,,,True,,,,
Mexico Liga MX,Juarez,Pachuca,2026-09-05,0.6574,0.48,0.3161,0.3584,0.2989,0.3427,0.4814,0.2917,,True,,,,,2026-09-05,,,,,,,,True,,,,
Mexico Liga MX,Atlas,Atlante,2026-09-05,0.5757,0.3921,0.1251,0.3723,0.3303,0.2974,0.533,0.338,True,True,,,,,2026-09-05,,,,,,,,True,,,,
Mexico Liga MX,Atl. San Luis,Guadalajara Chivas,2026-09-05,0.7983,0.6181,0.3368,0.4281,0.2472,0.3247,0.614,0.4755,False,True,,,,,2026-09-05,,,,,,,,True,,,,
Ligue 2,St Etienne,Montpellier,2026-09-05,0.7927,0.6282,0.3389,0.48,0.227,0.293,0.5938,0.4733,,True,2026-09-05,0.4179,,True,2026-09-05,2026-09-05,,,,,,,True,,,,
Ligue 2,Reims,Guingamp,2026-09-05,0.7642,0.6228,0.3002,0.5502,0.2137,0.2361,0.498,0.4169,,True,2026-09-05,0.3813,,True,2026-09-05,2026-09-05,,,,,,,True,,,,
Ligue 2,Metz,Rodez,2026-09-05,0.7174,0.575,0.1833,0.481,0.2557,0.2633,0.4483,0.3647,,True,2026-09-05,0.339,,True,2026-09-05,2026-09-05,,,,,,,True,,,,
Ligue 1,Troyes,Strasbourg,2026-09-02,,0.084,0.0483,0.3486,0.4033,0.2482,0.2446,0.1212,,True,2026-09-05,0.3463,True,True,2026-09-02,2026-09-05,2026-09-06,,,,,,True,,,,
Ligue 1,Nice,Le Mans,2026-09-05,0.5309,0.3793,0.1015,0.3863,0.3435,0.2701,0.3476,0.3681,,True,2026-09-05,0.4835,,True,2026-09-05,2026-09-05,,,,,,,True,,,,
Ligue 1,Marseille,Paris FC,2026-09-02,,0.6661,0.7164,0.4576,0.1903,0.3521,0.8335,0.7855,,True,2026-09-05,0.3274,False,True,2026-09-02,2026-09-05,2026-09-06,,,,,,True,,,,
League Two,Tranmere,Oldham,2026-09-05,0.5376,0.3845,0.1096,0.3569,0.3138,0.3292,0.3517,0.3575,,True,2026-09-05,0.33,,True,2026-09-05,2026-09-05,,,,,,,True,,,,
Liga I,Estrela,Famalicao,2026-09-05,0.5443,0.3882,0.1156,0.3717,0.3053,0.3231,0.554,0.3497,,True,2026-09-05,0.3418,,True,2026-09-05,2026-09-05,,,,,,,True,,,,
League Two,Shrewsbury,Salford,2026-09-05,,0.4568,,0.2911,0.2911,0.4179,,,,True,2026-09-05,0.2887,,True,2026-09-05,2026-09-05,,,,,,,True,,,,
League One,Leyton Orient,Barnsley,2026-09-05,,0.6046,,0.5165,0.2468,0.2368,,,,True,2026-09-05,0.4198,,True,2026-09-05,2026-09-05,,,,,,,True,,,,
League Two,Swindon,Colchester,2026-09-05,0.6205,0.4471,0.3583,0.3886,0.2913,0.3202,0.506,0.2947,,True,2026-09-05,0.3165,,True,2026-09-05,2026-09-05,,,,,,,True,,,,
League One,Huddersfield,Notts County,2026-09-05,0.7388,0.6112,0.128,0.3963,0.238,0.3657,0.4978,0.4072,,True,2026-09-05,0.3385,,True,2026-09-05,2026-09-05,,,,,,,True,,,,
League One,Doncaster,Plymouth,2026-09-05,0.7412,0.6149,0.1222,0.3888,0.1943,0.4169,0.4757,0.3982,,True,2026-09-05,0.3817,,True,2026-09-05,2026-09-05,,,,,,,True,,,,
League One,Cambridge,Huddersfield,2026-09-05,,0.6236,,0.2772,0.2443,0.4786,,,,True,2026-09-05,0.3854,,True,2026-09-05,2026-09-05,,,,,,,True,,,,
League One,Burton,Cambridge,2026-09-05,0.6383,0.4695,0.3298,0.4293,0.2904,0.2803,0.497,0.2819,,True,2026-09-05,0.3719,,True,2026-09-05,2026-09-05,,,,,,,True,,,,
League One,Bradford,Mansfield,2026-09-05,0.6379,0.469,0.3305,0.4508,0.2888,0.2605,0.501,0.2853,,True,2026-09-05,0.3265,,True,2026-09-05,2026-09-05,,,,,,,True,,,,
League One,Blackpool,Peterboro,2026-09-05,,0.6338,,0.6016,0.2067,0.1917,,,,True,2026-09-05,0.4219,,True,2026-09-05,2026-09-05,,,,,,,True,,,,
League One,Barnsley,Stevenage,2026-09-05,0.6315,0.4608,0.3409,0.4777,0.2841,0.2381,0.5135,0.2975,,True,2026-09-05,0.342,,True,2026-09-05,2026-09-05,,,,,,,True,,,,
League One,AFC Wimbledon,Wigan,2026-09-05,,0.4464,,0.185,0.2719,0.5431,,,,True,2026-09-05,0.2145,,True,2026-09-05,2026-09-05,,,,,,,True,,,,
La Liga 2,Valladolid,Andorra,2026-09-05,0.7094,0.566,0.1967,0.4076,0.1815,0.4109,0.466,0.3434,,True,2026-09-05,0.3175,,True,2026-09-05,2026-09-05,,,,,,,True,,,,
La Liga 2,Sp Gijon,Girona,2026-09-05,0.7672,0.6237,0.3064,0.4112,0.2294,0.3593,0.5537,0.4472,,True,2026-09-05,0.4109,,True,2026-09-05,2026-09-05,,,,,,,True,,,,
La Liga 2,Sociedad B,Tenerife,2026-09-05,0.6387,0.4691,0.3303,0.4914,0.2786,0.23,0.5121,0.2948,,True,2026-09-05,0.3426,,True,2026-09-05,2026-09-05,,,,,,,True,,,,
La Liga 2,Oviedo,Burgos,2026-09-02,,0.3713,0.1527,0.3233,0.3021,0.3746,0.4106,0.2762,,True,2026-09-05,0.3319,False,True,2026-09-02,2026-09-05,2026-09-06,,,,,,True,,,,
La Liga 2,Eldense,Mallorca,2026-09-05,0.7208,0.5828,0.1716,0.4464,0.2529,0.3007,0.4575,0.3791,,True,2026-09-05,0.3495,,True,2026-09-05,2026-09-05,,,,,,,True,,,,
La Liga 2,Eibar,Granada,2026-09-02,,0.5918,0.2434,0.3795,0.2687,0.3518,0.5093,0.3817,,True,2026-09-05,0.331,False,True,2026-09-02,2026-09-05,2026-09-06,,,,,,True,,,,
La Liga 2,Ceuta,Celta B,2026-09-05,0.7443,0.6189,0.116,0.409,0.2395,0.3515,0.5085,0.4141,,True,2026-09-05,0.0766,,True,2026-09-05,2026-09-05,,,,,,,True,,,,
La Liga 2,Castellon,Albacete,2026-09-02,,0.6508,0.2707,0.4843,0.2524,0.2633,0.5194,0.3994,,True,2026-09-05,0.3282,False,True,2026-09-02,2026-09-05,2026-09-06,,,,,,True,,,,
La Liga 2,Almeria,Cadiz,2026-09-02,,0.732,0.4101,0.6159,0.1998,0.1843,0.5892,0.4982,,True,2026-09-05,0.4651,False,True,2026-09-02,2026-09-05,2026-09-06,,,,,,True,,,,
League One,Luton,Leyton Orient,2026-09-05,0.7549,0.6216,0.2916,0.5081,0.2279,0.2639,0.4995,0.4161,,True,2026-09-05,0.4744,,True,2026-09-05,2026-09-05,,,,,,,True,,,,
League One,Mansfield,Luton,2026-09-05,,0.6242,,0.3589,0.2502,0.3909,,,,True,2026-09-05,0.4466,,True,2026-09-05,2026-09-05,,,,,,,True,,,,
League One,Leicester,Oxford,2026-09-05,0.7975,0.6296,0.3492,0.4913,0.2168,0.2919,0.6023,0.4821,,True,2026-09-05,0.469,,True,2026-09-05,2026-09-05,,,,,,,True,,,,
League One,Notts County,Burton,2026-09-05,,0.5533,,0.5755,0.2425,0.182,,,,True,2026-09-05,0.3569,,True,2026-09-05,2026-09-05,,,,,,,True,,,,
League Two,Salford,Port Vale,2026-09-05,0.5162,0.3773,0.0984,0.392,0.3294,0.2785,0.334,0.3722,,True,2026-09-05,0.3378,,True,2026-09-05,2026-09-05,,,,,,,True,,,,
League Two,Rotherham,Chesterfield,2026-09-05,,0.5645,,0.3944,0.2683,0.3373,,,,True,2026-09-05,0.5088,,True,2026-09-05,2026-09-05,,,,,,,True,,,,
League Two,Rochdale,Gillingham,2026-09-05,0.5683,0.3953,0.1273,0.4022,0.3114,0.2864,0.5398,0.336,,True,2026-09-05,0.3701,,True,2026-09-05,2026-09-05,,,,,,,True,,,,
League Two,Port Vale,Crewe,2026-09-05,,0.5489,,0.4256,0.2696,0.3048,,,,True,2026-09-05,0.3141,,True,2026-09-05,2026-09-05,,,,,,,True,,,,
League Two,Oldham,Swindon,2026-09-05,,0.5217,,0.548,0.2551,0.1969,,,,True,2026-09-05,0.339,,True,2026-09-05,2026-09-05,,,,,,,True,,,,
League Two,Northampton,Newport County,2026-09-05,0.5522,0.3895,0.1177,0.3809,0.2715,0.3476,0.5537,0.3507,,True,2026-09-05,0.3586,,True,2026-09-05,2026-09-05,,,,,,,True,,,,
League Two,Newport County,Tranmere,2026-09-05,,0.5897,,0.4014,0.263,0.3356,,,,True,2026-09-05,0.39,,True,2026-09-05,2026-09-05,,,,,,,True,,,,
League Two,Grimsby,Fleetwood Town,2026-09-05,,0.6219,,0.5005,0.2435,0.256,,,,True,2026-09-05,0.3948,,True,2026-09-05,2026-09-05,,,,,,,True,,,,
League Two,Gillingham,Northampton,2026-09-05,,0.3875,,0.4825,0.3076,0.2099,,,,True,2026-09-05,0.3395,,True,2026-09-05,2026-09-05,,,,,,,True,,,,
League Two,Fleetwood Town,Shrewsbury,2026-09-05,0.6937,0.5442,0.2283,0.5581,0.2252,0.2167,0.4827,0.3185,,True,2026-09-05,0.3248,,True,2026-09-05,2026-09-05,,,,,,,True,,,,
League One,Milton Keynes Dons,Leicester,2026-09-05,,0.4597,,0.3941,0.2922,0.3137,,,,True,2026-09-05,0.6118,,True,2026-09-05,2026-09-05,,,,,,,True,,,,
League Two,Crewe,York,2026-09-05,0.795,0.6291,0.3455,0.3713,0.2067,0.422,0.6056,0.4822,,True,2026-09-05,0.4682,,True,2026-09-05,2026-09-05,,,,,,,True,,,,
League Two,Crawley Town,Bristol Rvs,2026-09-05,,0.628,,0.2731,0.2361,0.4907,,,,True,2026-09-05,0.2904,,True,2026-09-05,2026-09-05,,,,,,,True,,,,
League Two,Exeter,Walsall,2026-09-05,0.6951,0.5463,0.2252,0.3765,0.2649,0.3586,0.4556,0.3495,,True,2026-09-05,0.3172,,True,2026-09-05,2026-09-05,,,,,,,True,,,,
League One,Reading,Blackpool,2026-09-05,0.7037,0.5586,0.2074,0.3932,0.2652,0.3416,0.4492,0.3607,,True,2026-09-05,0.3374,,True,2026-09-05,2026-09-05,,,,,,,True,,,,
League One,Peterboro,Sheffield Wed,2026-09-05,0.8623,0.6773,0.4612,0.381,0.1593,0.4597,0.6703,0.58,,True,2026-09-05,0.4329,,True,2026-09-05,2026-09-05,,,,,,,True,,,,
League One,Plymouth,Bradford,2026-09-05,,0.5085,,0.4431,0.2765,0.2805,,,,True,2026-09-05,0.3396,,True,2026-09-05,2026-09-05,,,,,,,True,,,,
League Two,Colchester,Rochdale,2026-09-05,,0.5046,,0.5456,0.259,0.1954,,,,True,2026-09-05,0.4719,,True,2026-09-05,2026-09-05,,,,,,,True,,,,
League One,Sheffield Wed,Bromley,2026-09-05,,0.627,,0.6211,0.2097,0.1692,,,,True,2026-09-05,0.541,,True,2026-09-05,2026-09-05,,,,,,,True,,,,
League One,Stevenage,Doncaster,2026-09-05,,0.4231,,0.4511,0.2958,0.2531,,,,True,2026-09-05,0.1832,,True,2026-09-05,2026-09-05,,,,,,,True,,,,
League One,Wigan,Stockport,2026-09-05,0.6807,0.526,0.254,0.3557,0.2649,0.3795,0.4672,0.3302,,True,2026-09-05,0.3588,,True,2026-09-05,2026-09-05,,,,,,,True,,,,
League One,Stockport,Wycombe,2026-09-05,,0.6213,,0.4936,0.2456,0.2609,,,,True,2026-09-05,0.4228,,True,2026-09-05,2026-09-05,,,,,,,True,,,,
League Two,Accrington,Crawley Town,2026-09-05,0.715,0.5752,0.183,0.5069,0.2412,0.2519,0.4552,0.3591,,True,2026-09-05,0.3697,,True,2026-09-05,2026-09-05,,,,,,,True,,,,
League Two,Barnet,Cheltenham,2026-09-05,,0.629,,0.5757,0.2188,0.2054,,,,True,2026-09-05,0.4986,,True,2026-09-05,2026-09-05,,,,,,,True,,,,
League Two,Bristol Rvs,Rotherham,2026-09-05,0.8623,0.6773,0.4612,0.5502,0.1757,0.274,0.6658,0.5763,,True,2026-09-05,0.4685,,True,2026-09-05,2026-09-05,,,,,,,True,,,,
League Two,Cheltenham,Grimsby,2026-09-05,0.6922,0.5422,0.2311,0.3621,0.2627,0.3752,0.4586,0.3449,,True,2026-09-05,0.3616,,True,2026-09-05,2026-09-05,,,,,,,True,,,,
League Two,Chesterfield,Barnet,2026-09-05,0.7555,0.6217,0.2923,0.4488,0.2355,0.3156,0.5256,0.4287,,True,2026-09-05,0.4089,,True,2026-09-05,2026-09-05,,,,,,,True,,,,
League One,Wycombe,Milton Keynes Dons,2026-09-05,0.6975,0.5497,0.2204,0.4729,0.2582,0.2689,0.4609,0.3447,,True,2026-09-05,0.4232,,True,2026-09-05,2026-09-05,,,,,,,True,,,,
Ligue 2,Nantes,Nancy,2026-09-06,0.8191,0.6435,0.3793,0.5161,0.209,0.2749,0.6382,0.5055,True,True,2026-09-06,0.4679,True,True,2026-09-06,2026-09-06,2026-09-07,,,,,,True,,,,
Serie A,Cagliari,Lecce,2026-09-06,0.6599,0.4735,0.2973,0.3783,0.2442,0.3775,0.4867,0.2971,False,True,2026-09-06,0.3467,False,True,2026-09-06,2026-09-06,2026-09-07,,,,,,True,,,,
Liga I,Estoril,Arouca,2026-09-06,0.7221,0.555,0.1582,0.4431,0.2371,0.3199,0.4626,0.388,False,True,2026-09-06,0.3777,False,True,2026-09-06,2026-09-06,2026-09-07,,,,,,True,,,,
Serie A,Udinese,Lazio,2026-09-06,0.587,0.3991,0.1373,0.4184,0.3129,0.2688,0.5294,0.3252,False,True,2026-09-06,0.3244,False,True,2026-09-06,2026-09-06,2026-09-07,,,,,,True,,,,
La Liga 2,Sabadell,Cordoba,2026-09-06,0.1957,0.0493,0.0096,0.4023,0.4884,0.1092,0.0864,0.0299,True,True,2026-09-06,0.0148,True,True,2026-09-06,2026-09-06,2026-09-07,,,,,,True,,,,
La Liga,Getafe,Celta,2026-09-06,0.5275,0.3791,0.1034,0.4409,0.3233,0.2358,0.3313,0.3721,False,True,2026-09-06,0.329,False,True,2026-09-06,2026-09-06,2026-09-07,,,,,,True,,,,
La Liga,Elche,Sociedad,2026-09-06,0.6015,0.4129,0.389,0.4362,0.304,0.2597,0.523,0.3152,False,True,2026-09-06,0.3259,False,True,2026-09-06,2026-09-06,2026-09-07,,,,,,True,,,,
League One,Bromley,AFC Wimbledon,2026-09-06,0.5964,0.4094,0.394,0.479,0.2924,0.2286,0.5389,0.3279,True,True,2026-09-06,0.3477,True,True,2026-09-06,2026-09-06,2026-09-07,,,,,,True,,,,
Serie B,Palermo,Sampdoria,2026-09-06,0.701,0.5049,0.2459,0.5405,0.2683,0.1912,0.4835,0.3009,False,True,2026-09-06,0.3336,False,True,2026-09-06,2026-09-06,2026-09-07,,,,,,True,,,,
Liga I,Moreirense,Benfica,2026-09-07,0.8041,0.603,0.3614,0.3077,0.1586,0.5337,0.5344,0.4205,False,True,2026-09-07,0.4218,False,True,2026-09-07,2026-09-07,2026-09-09,,,,,,True,,,,
Championship,Charlton,QPR,2026-09-07,0.7686,0.4741,0.3648,0.3348,0.3048,0.3604,0.5266,0.3983,False,True,2026-09-07,0.3344,False,True,2026-09-07,2026-09-07,2026-09-09,,,,,,True,,,,
Championship,Derby,West Brom,2026-09-07,0.7472,0.4035,0.3686,0.353,0.3203,0.3266,0.5135,0.3429,False,True,2026-09-07,0.337,False,True,2026-09-07,2026-09-07,2026-09-09,,,,,,True,,,,
Championship,Norwich,Birmingham,2026-09-07,0.802,0.6054,0.3574,0.5342,0.2429,0.2229,0.547,0.4229,False,True,2026-09-07,0.4672,False,True,2026-09-07,2026-09-07,2026-09-09,,,,,,True,,,,
Scottish Premiership,St Johnstone,Celtic,2026-09-07,0.904,0.774,0.3896,0.2981,0.1227,0.5792,0.5913,0.6171,False,True,2026-09-07,0.4684,False,True,2026-09-07,2026-09-07,2026-09-09,,,,,,True,,,,
Scottish Premiership,Rangers,St Mirren,2026-09-07,0.8165,0.597,0.3722,0.7449,0.16,0.0952,0.534,0.4233,False,True,2026-09-07,0.3891,False,True,2026-09-07,2026-09-07,2026-09-09,,,,,,True,,,,
Eredivisie,Twente,Telstar,2026-09-07,0.8123,0.6007,0.3655,0.423,0.2896,0.2874,0.5857,0.5004,False,True,2026-09-07,0.3997,False,True,2026-09-07,2026-09-07,2026-09-09,,,,,,True,,,,
Liga I,Estrela,Sp Braga,2026-09-09,0.8027,0.6067,0.3608,0.4345,0.2516,0.3139,0.5678,0.5114,False,True,2026-09-09,0.3721,False,True,2026-09-09,2026-09-09,2026-09-10,,,,,,True,,,,
League One,Stevenage,Luton,2026-09-09,0.7451,0.4415,0.352,0.3158,0.27,0.4142,0.5253,0.3854,False,True,2026-09-09,0.3469,False,True,2026-09-09,2026-09-09,2026-09-10,,,,,,True,,,,
Bundesliga 2,Nurnberg,Hannover,2026-09-09,0.7893,0.5949,0.3629,0.3504,0.2832,0.3664,0.5631,0.4525,False,True,2026-09-09,0.4108,False,True,2026-09-09,2026-09-09,2026-09-11,,,,,,True,,,,
National League,Kidderminster,Hartlepool,2026-09-09,0.7244,0.3806,0.3476,0.3719,0.3194,0.3087,0.5064,0.3358,False,True,2026-09-09,0.3145,False,True,2026-09-09,2026-09-09,2026-09-11,,,,,,True,,,,
Bundesliga 2,Darmstadt,Bielefeld,2026-09-09,0.7753,0.5688,0.3594,0.3404,0.2934,0.3662,0.5579,0.4351,False,True,2026-09-09,0.4033,False,True,2026-09-09,2026-09-09,2026-09-11,,,,,,True,,,,
Bundesliga,Union Berlin,Schalke 04,2026-09-09,0.4378,0.2928,0.0611,0.4244,0.3391,0.2365,0.2551,0.1338,True,True,2026-09-09,0.3018,True,True,2026-09-09,2026-09-09,2026-09-11,,,,,,True,,,,
Ligue 2,Rodez,Grenoble,2026-09-09,0.7353,0.4083,0.3497,0.4824,0.2966,0.221,0.5038,0.3427,False,True,2026-09-09,0.3205,False,True,2026-09-09,2026-09-09,2026-09-11,,,,,,True,,,,
Ligue 1,Rennes,Marseille,2026-09-09,0.8999,0.764,0.3731,0.5837,0.1913,0.225,0.6651,0.6514,False,True,2026-09-09,0.3953,False,True,2026-09-09,2026-09-09,2026-09-11,,,,,,True,,,,
Ligue 2,Clermont,Boulogne,2026-09-09,0.4887,0.3234,0.0841,0.3514,0.3168,0.3317,0.3139,0.2761,False,True,2026-09-09,0.2661,False,True,2026-09-09,2026-09-09,2026-09-11,,,,,,True,,,,
Ligue 2,Dijon,Laval,2026-09-09,0.7383,0.4194,0.3503,0.3527,0.3071,0.3402,0.5218,0.3714,True,True,2026-09-09,0.0909,True,True,2026-09-09,2026-09-09,2026-09-11,,,,,,True,,,,
Ligue 2,Nancy,Reims,2026-09-09,0.7884,0.5952,0.3631,0.3158,0.2306,0.4537,0.5597,0.4467,False,True,2026-09-09,0.3996,False,True,2026-09-09,2026-09-09,2026-09-11,,,,,,True,,,,
Championship,West Ham,Wrexham,2026-09-09,0.9151,0.8142,0.3822,0.5366,0.2061,0.2573,0.7608,0.712,True,True,2026-09-09,0.6939,True,True,2026-09-09,2026-09-09,2026-09-11,,,,,,True,,,,
La Liga 2,Burgos,Ceuta,2026-09-09,0.7248,0.3838,0.3478,0.4078,0.3189,0.2733,0.5037,0.3353,False,True,2026-09-09,0.3816,False,True,2026-09-09,2026-09-09,2026-09-11,,,,,,True,,,,
La Liga,Sevilla,Valencia,2026-09-09,0.7727,0.5671,0.3593,0.528,0.2496,0.2224,0.5462,0.4218,False,True,2026-09-09,0.3221,False,True,2026-09-09,2026-09-09,2026-09-11,,,,,,True,,,,
Eredivisie,AZ Alkmaar,Willem II,2026-09-09,0.7997,0.5991,0.3621,0.644,0.2217,0.1344,0.5548,0.4367,False,True,2026-09-09,0.3886,False,True,2026-09-09,2026-09-09,2026-09-11,,,,,,True,,,,
Jupiler League,Mechelen,Anderlecht,2026-09-09,0.8115,0.6061,0.3601,0.4618,0.2658,0.2725,0.57,0.5236,False,True,2026-09-09,0.3956,False,True,2026-09-09,2026-09-09,2026-09-11,,,,,,True,,,,
Serie B,Empoli,Arezzo,2026-09-09,0.9189,0.8093,0.3813,0.3832,0.2402,0.3766,0.8147,0.6767,True,True,2026-09-09,0.3211,True,True,2026-09-09,2026-09-09,2026-09-11,,,,,,True,,,,
Serie A,Venezia,Fiorentina,2026-09-09,0.491,0.3247,0.0852,0.3507,0.3159,0.3334,0.3156,0.2775,False,True,2026-09-09,0.2899,False,True,2026-09-09,2026-09-09,2026-09-11,,,,,,True,,,,
Serie B,Pisa,Virtus Entella,2026-09-09,0.769,0.5334,0.357,0.601,0.2681,0.1308,0.5277,0.3992,False,True,2026-09-09,0.3455,False,True,2026-09-09,2026-09-09,2026-09-11,,,,,,True,,,,
Ligi 1,Besiktas,Erzurumspor,2026-09-09,0.7864,0.5924,0.3615,0.7009,0.2103,0.0888,0.5205,0.401,True,True,2026-09-09,0.4686,True,True,2026-09-09,2026-09-09,2026-09-11,,,,,,True,,,,
USA MLS,Toronto FC,Nashville SC,2026-09-10,0.7539,0.4724,0.3534,0.3351,0.2941,0.3708,0.5395,0.4037,False,True,,,,,2026-09-10,,2026-09-10,0.1308,0.1909,0.1542,,,True,,,,
USA MLS,Minnesota United,FC Dallas,2026-09-10,0.8052,0.6048,0.3611,0.423,0.2819,0.2951,0.5685,0.502,False,True,,,,,2026-09-10,,2026-09-10,0.2469,0.196,0.1708,,,True,,,,
USA MLS,New York City,New England Revolution,2026-09-10,0.7684,0.5335,0.3574,0.426,0.3093,0.2647,0.5523,0.4212,False,True,,,,,2026-09-10,,2026-09-10,0.2016,0.1882,0.1195,,,True,,,,
USA MLS,San Diego FC,San Jose Earthquakes,2026-09-10,0.7988,0.5989,0.3621,0.4928,0.2625,0.2447,0.563,0.456,False,True,,,,,2026-09-10,,2026-09-10,0.2643,0.1847,0.1277,,,True,,,,
USA MLS,Portland Timbers,St. Louis City,2026-09-10,0.8068,0.6064,0.3609,0.455,0.2728,0.2722,0.568,0.5016,False,True,,,,,2026-09-10,,2026-09-10,0.2647,0.1916,0.1544,,,True,,,,
USA MLS,Houston Dynamo,Real Salt Lake,2026-09-10,0.7537,0.4713,0.3534,0.3883,0.3144,0.2972,0.5385,0.4028,False,True,,,,,2026-09-10,,2026-09-10,0.1592,0.1898,0.1244,,,True,,,,
USA MLS,Philadelphia Union,FC Cincinnati,2026-09-10,0.8048,0.6045,0.3612,0.4321,0.2823,0.2856,0.568,0.4983,False,True,,,,,2026-09-10,,2026-09-10,0.2511,0.1948,0.1648,,,True,,,,
USA MLS,Chicago Fire,Inter Miami,2026-09-10,0.8924,0.743,0.3685,0.3575,0.2351,0.4075,0.7279,0.6739,False,True,,,,,2026-09-10,,2026-09-10,0.2517,0.1959,0.2725,,,True,,,,
USA MLS,DC United,Columbus Crew,2026-09-10,0.7804,0.5759,0.3604,0.3622,0.2987,0.3391,0.5597,0.4401,False,True,,,,,2026-09-10,,2026-09-10,0.1851,0.1981,0.1711,,,True,,,,
USA MLS,Atlanta Utd,Orlando City,2026-09-10,0.7752,0.5581,0.3591,0.3388,0.2948,0.3664,0.5578,0.4339,False,True,,,,,2026-09-10,,2026-09-10,0.1661,0.1974,0.1778,,,True,,,,
USA MLS,Austin FC,Colorado Rapids,2026-09-10,0.7481,0.4495,0.352,0.4,0.3181,0.2819,0.5311,0.389,False,True,,,,,2026-09-10,,2026-09-10,0.1558,0.1863,0.112,,,True,,,,
USA MLS,CF Montreal,Charlotte,2026-09-10,0.7648,0.5175,0.3563,0.3324,0.2903,0.3773,0.5525,0.4192,False,True,,,,,2026-09-10,,2026-09-10,0.1443,0.1944,0.1713,,,True,,,,
USA MLS,Vancouver Whitecaps,Los Angeles Galaxy,2026-09-10,0.821,0.631,0.3584,0.5846,0.2049,0.2105,0.5686,0.5307,False,True,,,,,2026-09-10,,2026-09-10,0.3311,0.1691,0.1148,,,True,,,,
Premier League,Aston Villa,Nott'm Forest,2026-09-10,0.7113,0.3385,0.103,0.353,0.3193,0.3277,0.4939,0.2972,False,True,2026-09-10,0.344,False,True,2026-09-10,2026-09-10,2026-09-12,0.0889,0.1756,0.0929,2026-09-12T14:00:00+00:00,,True,,,,
Scottish League One,Montrose,Cove Rangers,2026-09-10,0.7878,0.6037,0.353,0.3342,0.2874,0.3784,0.5724,0.4863,False,True,2026-09-10,0.3725,False,True,2026-09-10,2026-09-10,2026-09-12,0.1904,0.205,0.2087,,,True,,,,
Championship,Blackburn,Millwall,2026-09-10,0.7345,0.3862,0.3478,0.3181,0.2735,0.4084,0.5126,0.3429,False,True,2026-09-10,0.3146,False,True,2026-09-10,2026-09-10,2026-09-12,0.0865,0.1757,0.1431,2026-09-12T14:00:00+00:00,,True,,,,
Championship,Middlesbrough,Norwich,2026-09-10,0.7831,0.5983,0.3522,0.4027,0.2914,0.3059,0.5671,0.4661,False,True,2026-09-10,0.3453,False,True,2026-09-10,2026-09-10,2026-09-12,0.2176,0.1966,0.1619,2026-09-12T14:00:00+00:00,,True,,,,
Bundesliga 2,Osnabruck,Hertha,2026-09-10,0.7892,0.6088,0.3537,0.3167,0.2219,0.4614,0.5704,0.4922,False,True,2026-09-10,0.3832,False,True,2026-09-10,2026-09-10,2026-09-13,0.1413,0.1854,0.2666,2026-09-13T11:30:00+00:00,,True,,,,
Championship,Bolton,Cardiff,2026-09-10,0.7538,0.4586,0.3491,0.3666,0.3075,0.3259,0.5385,0.3944,True,True,2026-09-10,0.4106,True,True,2026-09-10,2026-09-10,2026-09-12,0.1491,0.1906,0.1321,2026-09-12T11:30:00+00:00,,True,,,,
Championship,Charlton,Portsmouth,2026-09-10,0.7403,0.4022,0.3481,0.3468,0.3085,0.3447,0.5236,0.3623,False,True,2026-09-10,0.3114,False,True,2026-09-10,2026-09-10,2026-09-12,0.1239,0.1856,0.1242,2026-09-12T14:00:00+00:00,,True,,,,
Scottish League Two,Stranraer,Dumbarton,2026-09-10,0.7592,0.4831,0.3495,0.4476,0.3043,0.2481,0.5361,0.3961,False,True,2026-09-10,0.3612,False,True,2026-09-10,2026-09-10,2026-09-12,0.1897,0.1795,0.0966,,,True,,,,
Premier League,Bournemouth,Brentford,2026-09-10,0.8661,0.6567,0.3566,0.4551,0.2619,0.283,0.6188,0.5729,False,True,2026-09-10,0.3706,False,True,2026-09-10,2026-09-10,2026-09-12,0.2957,0.1956,0.1787,2026-09-12T14:00:00+00:00,,True,,,,
Scottish League Two,Clyde,Kelty Hearts,2026-09-10,0.7976,0.622,0.3558,0.5478,0.2207,0.2316,0.5761,0.5322,True,True,2026-09-10,0.4767,True,True,2026-09-10,2026-09-10,2026-09-12,0.3154,0.1776,0.1303,,,True,,,,
Premier League,Chelsea,Hull,2026-09-10,0.432,0.2846,0.0574,0.3722,0.3482,0.2796,0.2714,0.1376,True,True,2026-09-10,0.3135,True,True,2026-09-10,2026-09-10,2026-09-12,0.0687,0.1501,0.0526,2026-09-12T14:00:00+00:00,,True,,,,
Premier League,Coventry,Brighton,2026-09-10,0.7574,0.468,0.3492,0.3011,0.2466,0.4522,0.5228,0.3722,True,True,2026-09-10,0.527,True,True,2026-09-10,2026-09-10,2026-09-13,0.069,0.1676,0.1948,2026-09-13T13:00:00+00:00,,True,,,,
Scottish League One,East Kilbride,Peterhead,2026-09-10,0.7967,0.6188,0.3552,0.5573,0.2269,0.2158,0.5732,0.5124,True,True,2026-09-10,0.4298,True,True,2026-09-10,2026-09-10,2026-09-12,0.3134,0.1777,0.1172,,,True,,,,
Premier League,Liverpool,Fulham,2026-09-10,0.7705,0.5279,0.3503,0.4968,0.2882,0.215,0.5426,0.4076,False,True,2026-09-10,0.3359,False,True,2026-09-10,2026-09-10,2026-09-12,0.2175,0.1776,0.0872,2026-09-12T14:00:00+00:00,,True,,,,
Championship,Derby,Birmingham,2026-09-10,0.7513,0.4481,0.3489,0.4301,0.3115,0.2584,0.5291,0.3798,False,True,2026-09-10,0.4078,False,True,2026-09-10,2026-09-10,2026-09-12,0.1724,0.1799,0.0954,2026-09-12T11:30:00+00:00,,True,,,,
Premier League,Sunderland,Arsenal,2026-09-10,0.7612,0.483,0.3495,0.3274,0.2842,0.3884,0.5459,0.4037,False,True,2026-09-10,0.3065,False,True,2026-09-10,2026-09-10,2026-09-12,0.1263,0.1965,0.168,2026-09-12T19:00:00+00:00,,True,,,,
Premier League,Tottenham,Everton,2026-09-10,0.7486,0.4284,0.3486,0.3278,0.2856,0.3866,0.531,0.3749,False,True,2026-09-10,0.3845,False,True,2026-09-10,2026-09-10,2026-09-12,0.1099,0.1913,0.1515,2026-09-12T16:30:00+00:00,,True,,,,
Bundesliga 2,Magdeburg,Kaiserslautern,2026-09-10,0.773,0.5527,0.3508,0.4784,0.2778,0.2438,0.5512,0.4246,False,True,2026-09-10,0.3451,False,True,2026-09-10,2026-09-10,2026-09-12,0.2205,0.1783,0.1059,2026-09-12T11:00:00+00:00,,True,,,,
Bundesliga 2,St Pauli,Wolfsburg,2026-09-10,0.7984,0.6377,0.3561,0.404,0.2495,0.3465,0.6055,0.5695,True,True,2026-09-10,0.5258,True,True,2026-09-10,2026-09-10,2026-09-12,0.2589,0.1951,0.21,2026-09-12T18:30:00+00:00,,True,,,,
Premier League,Crystal Palace,Ipswich,2026-09-10,0.7837,0.598,0.3522,0.5719,0.235,0.1931,0.5559,0.4375,False,True,2026-09-10,0.4006,False,True,2026-09-10,2026-09-10,2026-09-12,0.267,0.1673,0.0831,2026-09-12T14:00:00+00:00,,True,,,,
Premier League,Man United,Man City,2026-09-10,0.8853,0.713,0.3627,0.3279,0.2322,0.4398,0.6958,0.6127,False,True,2026-09-10,0.3741,False,True,2026-09-10,2026-09-10,2026-09-13,0.2157,0.1986,0.2902,2026-09-13T15:30:00+00:00,,True,,,,
League One,Milton Keynes Dons,Peterboro,2026-09-10,0.7761,0.5811,0.3514,0.4722,0.2673,0.2605,0.5573,0.4399,True,True,2026-09-10,0.3906,True,True,2026-09-10,2026-09-10,2026-09-12,0.2272,0.1785,0.1193,2026-09-12T14:00:00+00:00,,True,,,,
Serie A,Atalanta,Cagliari,2026-09-10,0.7509,0.4541,0.349,0.6284,0.2462,0.1254,0.4991,0.3415,False,True,2026-09-10,0.3565,False,True,2026-09-10,2026-09-10,2026-09-12,0.1897,0.1353,0.0458,2026-09-12T18:45:00+00:00,,True,,,,
Argentina Primera Division,Talleres Cordoba,Union de Santa Fe,2026-09-10,0.7556,0.46,0.3491,0.3819,0.3144,0.3036,0.54,0.3944,False,True,,,,,2026-09-10,,2026-09-13,0.1558,0.1944,0.1256,2026-09-12T23:00:00+00:00,,True,,,,
Argentina Primera Division,Tigre,Rosario Central,2026-09-10,0.7378,0.3898,0.3479,0.3548,0.3166,0.3286,0.5211,0.3531,False,True,,,,,2026-09-10,,2026-09-13,0.1227,0.1885,0.116,2026-09-13T17:45:00+00:00,,True,,,,
Switzerland Super League,Zurich,Vaduz,2026-09-10,0.7999,0.653,0.3565,0.328,0.2289,0.443,0.6197,0.5766,True,True,,,,,2026-09-10,,2026-09-13,0.2017,0.1948,0.2738,2026-09-13T12:00:00+00:00,,True,,,,
Austria Bundesliga,Sturm Graz,LASK,2026-09-10,0.9147,0.8086,0.38,0.4916,0.2252,0.2832,0.7762,0.664,False,True,,,,,2026-09-10,,2026-09-13,0.3509,0.1878,0.2018,2026-09-13T15:00:00+00:00,,True,,,,
Austria Bundesliga,Tirol,Hartberg,2026-09-10,0.7296,0.3728,0.3474,0.3791,0.3265,0.2944,0.5116,0.3334,False,True,,,,,2026-09-10,,2026-09-13,0.121,0.1838,0.098,2026-09-13T12:30:00+00:00,,True,,,,
Austria Bundesliga,Wolfsberger AC,SK Rapid,2026-09-10,0.7772,0.5689,0.3511,0.3949,0.3072,0.2979,0.5614,0.4418,False,True,,,,,2026-09-10,,2026-09-12,0.1974,0.2002,0.1489,2026-09-12T17:30:00+00:00,,True,,,,
Switzerland Super League,Thun,Grasshoppers,2026-09-10,0.7645,0.5098,0.35,0.5307,0.2632,0.2061,0.5308,0.3951,False,True,,,,,2026-09-10,,2026-09-12,0.213,0.1637,0.0755,2026-09-12T16:00:00+00:00,,True,,,,
Switzerland Super League,St. Gallen,Sion,2026-09-10,0.7787,0.591,0.3516,0.3745,0.2927,0.3328,0.5635,0.4531,False,True,,,,,2026-09-10,,2026-09-12,0.1939,0.1963,0.1673,2026-09-12T16:00:00+00:00,,True,,,,
Brazil Serie A,Atletico-MG,Fluminense,2026-09-10,0.7619,0.4998,0.3498,0.4162,0.3072,0.2766,0.5443,0.4087,False,True,,,,,2026-09-10,,2026-09-12,0.1838,0.1847,0.1182,2026-09-12T19:00:00+00:00,,True,,,,
Brazil Serie A,Botafogo RJ,Bragantino,2026-09-10,0.7789,0.5933,0.3517,0.5203,0.2516,0.2282,0.5567,0.4389,False,True,,,,,2026-09-10,,2026-09-13,0.2456,0.1738,0.1022,2026-09-12T23:30:00+00:00,,True,,,,
Switzerland Super League,Luzern,Basel,2026-09-10,0.7898,0.6093,0.3538,0.4123,0.2736,0.3141,0.5739,0.5055,False,True,,,,,2026-09-10,,2026-09-13,0.2395,0.1958,0.1765,2026-09-13T14:30:00+00:00,,True,,,,
Switzerland Super League,Lugano,Young Boys,2026-09-10,0.8787,0.7083,0.3619,0.4141,0.2414,0.3445,0.6825,0.6109,False,True,,,,,2026-09-10,,2026-09-12,0.2824,0.1945,0.2216,2026-09-12T17:00:00+00:00,,True,,,,
Switzerland Super League,Lausanne,Servette,2026-09-10,0.775,0.5636,0.351,0.3219,0.2756,0.4026,0.5595,0.4394,False,True,,,,,2026-09-10,,2026-09-13,0.1476,0.1935,0.1955,2026-09-13T14:30:00+00:00,,True,,,,
Brazil Serie A,Coritiba,Athletico-PR,2026-09-10,0.7569,0.4772,0.3494,0.3628,0.3019,0.3353,0.542,0.4026,False,True,,,,,2026-09-10,,2026-09-12,0.1531,0.1886,0.1393,2026-09-12T00:00:00+00:00,,True,,,,
Brazil Serie A,Flamengo RJ,Corinthians,2026-09-10,0.7805,0.5957,0.3519,0.694,0.1917,0.1143,0.5318,0.4109,False,True,,,,,2026-09-10,,2026-09-13,0.2626,0.1367,0.0554,2026-09-13T20:30:00+00:00,,True,,,,
USA MLS,Chicago Fire,New England Revolution,2026-09-10,0.79,0.6091,0.3537,0.4473,0.2737,0.279,0.5724,0.4982,False,True,,,,,2026-09-10,,2026-09-13,0.2576,0.1923,0.154,2026-09-13T21:30:00+00:00,,True,,,,
USA MLS,Colorado Rapids,CF Montreal,2026-09-10,0.7726,0.5455,0.3507,0.4537,0.2959,0.2503,0.5527,0.4236,False,True,,,,,2026-09-10,,2026-09-13,0.2138,0.1841,0.1104,2026-09-13T01:30:00+00:00,,True,,,,
USA MLS,DC United,Atlanta Utd,2026-09-10,0.758,0.4767,0.3494,0.3886,0.3103,0.3011,0.5423,0.4013,False,True,,,,,2026-09-10,,2026-09-13,0.1637,0.1907,0.1272,2026-09-12T23:30:00+00:00,,True,,,,
Argentina Primera Division,Argentinos Jrs,Gimnasia L.P.,2026-09-10,0.7543,0.4553,0.349,0.4599,0.3052,0.2349,0.5281,0.3776,False,True,,,,,2026-09-10,,2026-09-13,0.1823,0.1783,0.0846,2026-09-13T20:00:00+00:00,,True,,,,
USA MLS,St. Louis City,Minnesota United,2026-09-10,0.7824,0.5972,0.3521,0.3707,0.2896,0.3398,0.5671,0.4651,False,True,,,,,2026-09-10,,2026-09-13,0.1999,0.1989,0.1775,2026-09-13T00:30:00+00:00,,True,,,,
USA MLS,Sporting Kansas City,Los Angeles FC,2026-09-10,0.765,0.5092,0.35,0.3116,0.2631,0.4253,0.5462,0.4107,False,True,,,,,2026-09-10,,2026-09-13,0.1123,0.1862,0.1931,2026-09-13T00:30:00+00:00,,True,,,,
USA MLS,San Jose Earthquakes,Houston Dynamo,2026-09-10,0.7775,0.5798,0.3513,0.4402,0.2951,0.2647,0.5595,0.4413,False,True,,,,,2026-09-10,,2026-09-13,0.2221,0.1886,0.1255,2026-09-13T02:30:00+00:00,,True,,,,
USA MLS,Real Salt Lake,New York City,2026-09-10,0.7691,0.5281,0.3503,0.398,0.3073,0.2947,0.555,0.4233,False,True,,,,,2026-09-10,,2026-09-13,0.1848,0.1931,0.1364,2026-09-13T01:30:00+00:00,,True,,,,
Argentina Primera Division,Defensa y Justicia,Gimnasia Mendoza,2026-09-10,0.7656,0.5049,0.3499,0.3852,0.3106,0.3042,0.5516,0.4139,False,True,,,,,2026-09-10,,2026-09-12,0.1717,0.1974,0.1364,2026-09-11T22:15:00+00:00,,True,,,,
Brazil Serie A,Gremio,Vasco,2026-09-10,0.772,0.548,0.3507,0.4629,0.2852,0.252,0.5517,0.4245,False,True,,,,,2026-09-10,,2026-09-12,0.2153,0.1804,0.1102,2026-09-12T19:00:00+00:00,,True,,,,
USA MLS,Orlando City,Toronto FC,2026-09-10,0.7739,0.553,0.3508,0.4992,0.2741,0.2267,0.549,0.4208,False,True,,,,,2026-09-10,,2026-09-13,0.226,0.1764,0.0963,2026-09-12T23:30:00+00:00,,True,,,,
USA MLS,Los Angeles Galaxy,Seattle Sounders,2026-09-10,0.768,0.5226,0.3502,0.3879,0.3059,0.3062,0.5543,0.4216,False,True,,,,,2026-09-10,,2026-09-13,0.1786,0.1938,0.14,2026-09-13T02:30:00+00:00,,True,,,,
Argentina Primera Division,Independiente,Aldosivi,2026-09-10,0.7356,0.3867,0.3478,0.5561,0.3019,0.1419,0.4931,0.3154,False,True,,,,,2026-09-10,,2026-09-12,0.1585,0.1492,0.0474,2026-09-12T17:45:00+00:00,,True,,,,
USA MLS,Inter Miami,Nashville SC,2026-09-10,0.7954,0.6182,0.3551,0.5663,0.2156,0.2181,0.5718,0.509,False,True,,,,,2026-09-10,,2026-09-13,0.3119,0.173,0.1158,2026-09-12T23:30:00+00:00,,True,,,,
USA MLS,FC Dallas,Portland Timbers,2026-09-10,0.7888,0.6071,0.3535,0.4042,0.28,0.3158,0.5729,0.4973,False,True,,,,,2026-09-10,,2026-09-13,0.2326,0.1977,0.1763,2026-09-13T00:30:00+00:00,,True,,,,
USA MLS,FC Cincinnati,Charlotte,2026-09-10,0.7806,0.5946,0.3518,0.4354,0.2925,0.2721,0.5628,0.4528,False,True,,,,,2026-09-10,,2026-09-13,0.2282,0.1908,0.1349,2026-09-12T23:30:00+00:00,,True,,,,
Argentina Primera Division,Estudiantes L.P.,Platense,2026-09-10,0.7416,0.4028,0.3482,0.4651,0.3075,0.2274,0.5123,0.3451,False,True,,,,,2026-09-10,,2026-09-12,0.1631,0.1706,0.0709,2026-09-12T17:45:00+00:00,,True,,,,
Southern League South,Wimborne Town,Bracknell Town,2026-09-10,0.7846,0.6029,0.3528,0.4609,0.261,0.2782,0.5668,0.4724,False,True,2026-09-10,0.3624,False,True,2026-09-10,2026-09-10,2026-09-12,0.2468,0.1843,0.1433,,,True,,,,
Southern League South,Uxbridge,Chichester City,2026-09-10,0.7959,0.6212,0.3556,0.3717,0.2402,0.3881,0.5815,0.5578,True,True,2026-09-10,0.4726,True,True,2026-09-10,2026-09-10,2026-09-12,0.2316,0.1933,0.2271,,,True,,,,
Southern League South,Sholing,Plymouth Parkway,2026-09-10,0.7973,0.6315,0.356,0.5138,0.2231,0.2631,0.5789,0.5502,False,True,2026-09-10,0.4121,False,True,2026-09-10,2026-09-10,2026-09-12,0.3039,0.1803,0.1538,,,True,,,,
Southern League Central,Halesowen Town,Leighton Town,2026-09-10,0.8696,0.6883,0.3585,0.4934,0.2282,0.2784,0.6273,0.5886,True,True,2026-09-10,0.4315,True,True,2026-09-10,2026-09-10,2026-09-12,0.3135,0.1851,0.1752,,,True,,,,
Southern League Central,Bromsgrove Sporting,Bury Town,2026-09-10,0.7822,0.5984,0.3522,0.3192,0.2459,0.4349,0.5656,0.4646,False,True,2026-09-10,0.3883,False,True,2026-09-10,2026-09-10,2026-09-12,0.1514,0.1902,0.2267,,,True,,,,
Southern League Central,Bishop's Stortford,Leamington,2026-09-10,0.7606,0.4956,0.3497,0.3296,0.2855,0.385,0.5459,0.4102,True,True,2026-09-10,0.2997,True,True,2026-09-10,2026-09-10,2026-09-12,0.1379,0.1881,0.1651,,,True,,,,
Southern League Central,Banbury United,Leiston,2026-09-10,0.7759,0.5743,0.3512,0.323,0.266,0.411,0.5603,0.4442,False,True,2026-09-10,0.3793,False,True,2026-09-10,2026-09-10,2026-09-12,0.1497,0.1909,0.1999,,,True,,,,
Serie B,Vicenza,Juve Stabia,2026-09-10,0.884,0.7068,0.3617,0.3357,0.245,0.4193,0.697,0.6111,True,True,2026-09-10,0.5183,True,True,2026-09-10,2026-09-10,2026-09-12,0.2306,0.2013,0.2731,2026-09-12T13:00:00+00:00,,True,,,,
Serie B,Sudtirol,Modena,2026-09-10,0.7749,0.5496,0.3507,0.3454,0.3,0.3546,0.5602,0.4349,False,True,2026-09-10,0.3513,False,True,2026-09-10,2026-09-10,2026-09-12,0.167,0.2036,0.1692,2026-09-12T13:00:00+00:00,,True,,,,
Serie B,Padova,Ascoli,2026-09-10,0.4774,0.3053,0.0738,0.347,0.3134,0.3396,0.3063,0.2608,False,True,2026-09-10,0.3093,False,True,2026-09-10,2026-09-10,2026-09-12,0.0641,0.1619,0.0803,2026-09-12T13:00:00+00:00,,True,,,,
Serie B,Mantova,Sampdoria,2026-09-10,0.7701,0.5229,0.3502,0.4066,0.3127,0.2807,0.5553,0.4199,False,True,2026-09-10,0.324,False,True,2026-09-10,2026-09-10,2026-09-13,0.1879,0.198,0.1291,2026-09-13T15:15:00+00:00,,True,,,,
Southern League Central,Hitchin Town,Stourbridge,2026-09-10,0.7695,0.5375,0.3505,0.311,0.2482,0.4408,0.5496,0.4209,True,True,2026-09-10,0.4156,True,True,2026-09-10,2026-09-10,2026-09-12,0.1112,0.1802,0.209,,,True,,,,
Serie B,Cesena,Cremonese,2026-09-10,0.7652,0.4998,0.3498,0.3714,0.3103,0.3183,0.5518,0.4123,False,True,2026-09-10,0.3893,False,True,2026-09-10,2026-09-10,2026-09-12,0.1642,0.2004,0.1415,2026-09-12T17:30:00+00:00,,True,,,,
Bundesliga 2,Bochum,Greuther Furth,2026-09-10,0.7759,0.5726,0.3512,0.3293,0.2794,0.3913,0.5608,0.4446,False,True,2026-09-10,0.3977,False,True,2026-09-10,2026-09-10,2026-09-12,0.1603,0.1937,0.1894,2026-09-12T11:00:00+00:00,,True,,,,
Serie B,Avellino,Palermo,2026-09-10,0.7561,0.4588,0.3491,0.3374,0.2971,0.3655,0.5411,0.3943,False,True,2026-09-10,0.341,False,True,2026-09-10,2026-09-10,2026-09-13,0.1304,0.1975,0.1508,2026-09-13T15:15:00+00:00,,True,,,,
Bundesliga 2,Braunschweig,Dresden,2026-09-10,0.7861,0.6038,0.353,0.4326,0.2768,0.2906,0.5692,0.4805,False,True,2026-09-10,0.4377,False,True,2026-09-10,2026-09-10,2026-09-12,0.2391,0.1914,0.1568,2026-09-12T11:00:00+00:00,,True,,,,
Serie A,Sassuolo,Juventus,2026-09-10,0.7965,0.6215,0.3557,0.3531,0.2412,0.4057,0.584,0.5588,False,True,2026-09-10,0.3734,False,True,2026-09-10,2026-09-10,2026-09-13,0.2205,0.1949,0.2389,2026-09-13T18:45:00+00:00,,True,,,,
Serie A,Napoli,Bologna,2026-09-10,0.7794,0.5944,0.3518,0.3793,0.2808,0.34,0.5642,0.4581,False,True,2026-09-10,0.3277,False,True,2026-09-10,2026-09-10,2026-09-13,0.1976,0.1931,0.1704,2026-09-13T16:00:00+00:00,,True,,,,
Serie A,Lecce,Monza,2026-09-10,0.7566,0.479,0.3494,0.4806,0.287,0.2324,0.5294,0.3896,False,True,2026-09-10,0.3438,False,True,2026-09-10,2026-09-10,2026-09-13,0.1933,0.1689,0.0862,2026-09-13T13:00:00+00:00,,True,,,,
Serie A,Lazio,Milan,2026-09-10,0.7427,0.4195,0.3484,0.3173,0.2714,0.4113,0.5222,0.3671,False,True,2026-09-10,0.3289,False,True,2026-09-10,2026-09-10,2026-09-12,0.0991,0.176,0.155,2026-09-12T16:00:00+00:00,,True,,,,
Serie A,Genoa,Frosinone,2026-09-10,0.7498,0.4489,0.3489,0.3158,0.2691,0.4152,0.53,0.3842,False,True,2026-09-10,0.3921,False,True,2026-09-10,2026-09-10,2026-09-12,0.1056,0.1787,0.1658,2026-09-12T13:00:00+00:00,,True,,,,
Bundesliga 2,Heidenheim,Holstein Kiel,2026-09-10,0.8805,0.718,0.3636,0.5887,0.188,0.2232,0.5973,0.5832,True,True,2026-09-10,0.702,True,True,2026-09-10,2026-09-10,2026-09-13,0.3587,0.1687,0.133,2026-09-13T11:30:00+00:00,,True,,,,
Serie B,Catanzaro,Carrarese,2026-09-10,0.7816,0.5942,0.3518,0.4969,0.2773,0.2257,0.5596,0.4425,False,True,2026-09-10,0.374,False,True,2026-09-10,2026-09-10,2026-09-12,0.2463,0.1846,0.1061,2026-09-12T15:15:00+00:00,,True,,,,
Bundesliga 2,Karlsruhe,Cottbus,2026-09-10,0.9195,0.8405,0.3861,0.4073,0.2137,0.379,0.8274,0.6926,True,True,2026-09-10,0.498,True,True,2026-09-10,2026-09-10,2026-09-13,0.3088,0.1891,0.2655,2026-09-13T11:30:00+00:00,,True,,,,
Southern League Central,Kettering Town,Stratford Town,2026-09-10,0.7717,0.5484,0.3507,0.5128,0.261,0.2262,0.5451,0.4177,False,True,2026-09-10,0.3235,False,True,2026-09-10,2026-09-10,2026-09-12,0.2252,0.1705,0.0931,,,True,,,,
Bundesliga,Mainz,Ein Frankfurt,2026-09-10,0.7954,0.6176,0.3551,0.3217,0.2381,0.4402,0.5793,0.5377,False,True,2026-09-10,0.4128,False,True,2026-09-10,2026-09-10,2026-09-12,0.1799,0.1965,0.2636,2026-09-12T13:30:00+00:00,,True,,,,
Brazil Serie A,Mirassol,Vitoria,2026-09-10,0.7465,0.4331,0.3486,0.4838,0.2939,0.2223,0.5158,0.3602,False,True,,,,,2026-09-10,,2026-09-13,0.1766,0.1637,0.0733,2026-09-13T19:00:00+00:00,,True,,,,
Brazil Serie A,Palmeiras,Sao Paulo,2026-09-10,0.7658,0.5184,0.3501,0.5395,0.2545,0.2059,0.5317,0.398,False,True,,,,,2026-09-10,,2026-09-12,0.2172,0.1615,0.0757,2026-09-12T21:30:00+00:00,,True,,,,
Southern League South,Havant & Waterlooville,Poole Town,2026-09-10,0.7954,0.6204,0.3555,0.3563,0.2382,0.4054,0.581,0.5542,False,True,2026-09-10,0.3701,False,False,2026-09-10,2026-09-10,2026-09-12,0.22,0.1932,0.2356,,,True,,,,
Southern League South,Hanworth Villa,Yate Town,2026-09-10,0.7602,0.4982,0.3498,0.7721,0.1653,0.0626,0.2833,0.2987,True,True,2026-09-10,0.2955,True,True,2026-09-10,2026-09-10,2026-09-12,0.1779,0.0869,0.0184,,,True,,,,
Brazil Serie A,Santos,Cruzeiro,2026-09-10,0.7718,0.5467,0.3507,0.3657,0.2965,0.3378,0.5577,0.4334,False,True,,,,,2026-09-10,,2026-09-13,0.1761,0.1929,0.1582,2026-09-13T00:00:00+00:00,,True,,,,
Southern League South,Gosport Borough,Taunton Town,2026-09-10,0.893,0.7634,0.3716,0.4289,0.2217,0.3494,0.7316,0.6439,False,True,2026-09-10,0.4636,False,True,2026-09-10,2026-09-10,2026-09-12,0.3026,0.1884,0.2295,,,True,,,,
Southern League South,Gloucester City,Basingstoke Town,2026-09-10,0.8848,0.7384,0.3671,0.7036,0.1502,0.1462,0.5773,0.5639,False,True,2026-09-10,0.4435,False,True,2026-09-10,2026-09-10,2026-09-12,0.3864,0.1456,0.0976,,,True,,,,
Southern League South,Frome Town,Hanwell Town,2026-09-10,0.7548,0.4737,0.3493,0.7098,0.2027,0.0875,0.3211,0.3175,True,True,2026-09-10,0.3295,True,True,2026-09-10,2026-09-10,2026-09-12,0.186,0.1071,0.028,,,True,,,,
Southern League South,Evesham United,Berkhamsted,2026-09-10,0.7674,0.5316,0.3504,0.3296,0.2797,0.3907,0.5542,0.4263,False,True,2026-09-10,0.3354,False,True,2026-09-10,2026-09-10,2026-09-12,0.1491,0.1875,0.1756,,,True,,,,
Bundesliga,RB Leipzig,Hamburg,2026-09-10,0.7973,0.6214,0.3557,0.7137,0.1712,0.115,0.5603,0.4686,False,True,2026-09-10,0.4027,False,True,2026-09-10,2026-09-10,2026-09-13,0.3358,0.1381,0.0668,2026-09-13T13:30:00+00:00,,True,,,,
Bundesliga,Augsburg,Leverkusen,2026-09-10,0.7915,0.6112,0.3541,0.3124,0.2131,0.4745,0.5699,0.491,False,True,2026-09-10,0.4749,False,True,2026-09-10,2026-09-10,2026-09-12,0.1241,0.1815,0.2856,2026-09-12T13:30:00+00:00,,True,,,,
Bundesliga,Dortmund,Paderborn,2026-09-10,0.7116,0.3431,0.1073,0.6007,0.2972,0.1021,0.2608,0.2558,True,True,2026-09-10,0.3846,True,True,2026-09-10,2026-09-10,2026-09-12,0.1192,0.1165,0.025,2026-09-12T13:30:00+00:00,,True,,,,
Bundesliga,Elversberg,Bayern Munich,2026-09-10,0.7964,0.6196,0.3554,0.3113,0.1804,0.5083,0.5701,0.5036,True,True,2026-09-10,0.5278,True,True,2026-09-10,2026-09-10,2026-09-13,0.1032,0.1661,0.3227,2026-09-13T15:30:00+00:00,,True,,,,
Southern League South,Bath City,Chippenham Town,2026-09-10,0.7528,0.4649,0.3492,0.6702,0.2212,0.1087,0.4926,0.3349,True,True,2026-09-10,0.2515,True,True,2026-09-10,2026-09-10,2026-09-12,0.1916,0.1238,0.0387,,,True,,,,
Bundesliga,Freiburg,M'gladbach,2026-09-10,0.7899,0.6085,0.3537,0.434,0.2806,0.2854,0.5729,0.4985,False,True,2026-09-10,0.374,False,True,2026-09-10,2026-09-10,2026-09-12,0.251,0.1952,0.1602,2026-09-12T13:30:00+00:00,,True,,,,
Bundesliga,Hoffenheim,Stuttgart,2026-09-10,0.7773,0.5753,0.3513,0.3387,0.292,0.3693,0.5623,0.4464,False,True,2026-09-10,0.4709,False,True,2026-09-10,2026-09-10,2026-09-12,0.1706,0.1992,0.1812,2026-09-12T13:30:00+00:00,,True,,,,
Southern League Central,Real Bedford,Redditch United,2026-09-10,0.7977,0.6313,0.356,0.6229,0.1787,0.1984,0.5705,0.5136,False,True,2026-09-10,0.383,False,True,2026-09-10,2026-09-10,2026-09-12,0.3362,0.1577,0.0999,,,True,,,,
Southern League Central,Racing Club Warwick,Anstey Nomads,2026-09-10,0.7373,0.3974,0.3481,0.2982,0.216,0.4859,0.3254,0.3069,True,True,2026-09-10,0.3419,True,True,2026-09-10,2026-09-10,2026-09-12,0.0362,0.1262,0.163,,,True,,,,
Southern League Central,Peterborough Sports,Rushall Olympic,2026-09-10,0.7903,0.6108,0.354,0.3306,0.2465,0.4229,0.5748,0.5134,True,True,2026-09-10,0.4374,True,True,2026-09-10,2026-09-10,2026-09-12,0.187,0.1944,0.2351,,,True,,,,
Southern League Central,Needham Market,Worcester City,2026-09-10,0.7615,0.4995,0.3498,0.3536,0.2969,0.3495,0.5476,0.4126,False,True,2026-09-10,0.3421,False,True,2026-09-10,2026-09-10,2026-09-12,0.1556,0.1893,0.1503,,,True,,,,
Southern League South,Chertsey Town,Malvern Town,2026-09-10,0.9254,0.8675,0.3913,0.8441,0.0981,0.0578,0.5637,0.5244,True,True,2026-09-10,0.3449,True,True,2026-09-10,2026-09-10,2026-09-12,0.436,0.084,0.0384,,,True,,,,
Southern League Central,Alvechurch,Stamford,2026-09-10,0.7428,0.4195,0.3484,0.5393,0.2695,0.1911,0.5008,0.3374,False,True,2026-09-10,0.2713,False,True,2026-09-10,2026-09-10,2026-09-12,0.1753,0.1463,0.0536,,,True,,,,
National League South,Hampton & Richmond Borough,Chelmsford City,2026-09-10,0.7842,0.6041,0.353,0.3209,0.2067,0.4724,0.5655,0.4737,False,True,2026-09-10,0.3716,False,True,2026-09-10,2026-09-10,2026-09-12,0.1365,0.1757,0.2558,,,True,,,,
Poland Ekstraklasa,Slask Wroclaw,Korona Kielce,2026-09-10,0.7431,0.4046,0.3482,0.4078,0.3214,0.2708,0.5233,0.3587,False,True,,,,,2026-09-10,,2026-09-12,0.1491,0.1875,0.0963,2026-09-12T12:45:00+00:00,,True,,,,
La Liga,Real Madrid,Vallecano,2026-09-10,0.794,0.6178,0.3551,0.7041,0.1673,0.1286,0.5588,0.4646,False,True,2026-09-10,0.4335,False,True,2026-09-10,2026-09-10,2026-09-12,0.3252,0.1375,0.07,2026-09-12T19:00:00+00:00,,True,,,,
Ligue 1,Le Havre,Angers,2026-09-10,0.7123,0.3438,0.1079,0.3448,0.3081,0.347,0.4943,0.3026,False,True,2026-09-10,0.2912,False,True,2026-09-10,2026-09-10,2026-09-12,0.0878,0.1708,0.0996,2026-09-12T18:45:00+00:00,,True,,,,
Ligue 1,Auxerre,Nice,2026-09-10,0.7573,0.4743,0.3493,0.4352,0.3091,0.2557,0.5352,0.3936,False,True,2026-09-10,0.4086,False,True,2026-09-10,2026-09-10,2026-09-12,0.1839,0.181,0.0986,2026-09-12T18:45:00+00:00,,True,,,,
Ligi 1,Samsunspor,Corum,2026-09-10,0.7835,0.5974,0.3521,0.4988,0.2723,0.2289,0.5618,0.4506,True,True,2026-09-10,0.3445,True,True,2026-09-10,2026-09-10,2026-09-12,0.2528,0.1848,0.1105,2026-09-12T14:00:00+00:00,,True,,,,
Ligi 1,Konyaspor,Trabzonspor,2026-09-10,0.7574,0.466,0.3492,0.3164,0.2709,0.4128,0.5383,0.393,False,True,2026-09-10,0.4108,False,True,2026-09-10,2026-09-10,2026-09-12,0.1066,0.1905,0.1741,2026-09-12T17:00:00+00:00,,True,,,,
Ligi 1,Genclerbirligi,Kasimpasa,2026-09-10,0.7373,0.3884,0.3479,0.4371,0.3191,0.2438,0.5115,0.3393,False,True,2026-09-10,0.3454,False,True,2026-09-10,2026-09-10,2026-09-13,0.1519,0.1754,0.0752,2026-09-13T14:00:00+00:00,,True,,,,
Ligi 1,Galatasaray,Kocaelispor,2026-09-10,0.7832,0.5979,0.3522,0.7224,0.1904,0.0872,0.5221,0.3982,False,True,2026-09-10,0.3346,False,True,2026-09-10,2026-09-10,2026-09-13,0.2615,0.1264,0.0419,2026-09-13T17:00:00+00:00,,True,,,,
La Liga,Santander,Alaves,2026-09-10,0.7948,0.6191,0.3553,0.5499,0.2127,0.2374,0.5735,0.5214,True,True,2026-09-10,0.4968,True,True,2026-09-10,2026-09-10,2026-09-12,0.3066,0.1736,0.1294,2026-09-12T12:00:00+00:00,,True,,,,
La Liga,Sociedad,Ath Madrid,2026-09-10,0.7816,0.5982,0.3522,0.3257,0.2506,0.4238,0.5658,0.4658,False,True,2026-09-10,0.3901,False,True,2026-09-10,2026-09-10,2026-09-13,0.1623,0.1902,0.2168,2026-09-13T19:00:00+00:00,,True,,,,
Ligue 1,Le Mans,Lens,2026-09-10,0.7448,0.4212,0.3484,0.3063,0.2552,0.4385,0.5154,0.3554,True,True,2026-09-10,0.5248,True,True,2026-09-10,2026-09-10,2026-09-13,0.074,0.168,0.1706,2026-09-13T15:15:00+00:00,,True,,,,
Ligi 1,Amedspor,Buyuksehyr,2026-09-10,0.8909,0.7303,0.3657,0.3211,0.2111,0.4678,0.6901,0.6145,True,True,2026-09-10,0.4406,True,True,2026-09-10,2026-09-10,2026-09-13,0.1842,0.1913,0.3264,2026-09-13T17:00:00+00:00,,True,,,,
La Liga 2,Andorra,Sociedad B,2026-09-10,0.7915,0.6137,0.3544,0.6654,0.1845,0.1501,0.5614,0.468,False,True,2026-09-10,0.3548,False,True,2026-09-10,2026-09-10,2026-09-12,0.3115,0.1505,0.0842,2026-09-12T12:00:00+00:00,,True,,,,
Liga I,Famalicao,Sp Lisbon,2026-09-10,0.7664,0.5301,0.3504,0.3066,0.1831,0.5103,0.5185,0.3858,False,True,2026-09-10,0.3542,False,True,2026-09-10,2026-09-10,2026-09-13,0.0567,0.1385,0.2253,2026-09-13T19:30:00+00:00,,True,,,,
Liga I,Casa Pia,Porto,2026-09-10,0.7245,0.3726,0.3474,0.2977,0.217,0.4853,0.2876,0.2824,False,True,2026-09-10,0.3462,False,True,2026-09-10,2026-09-10,2026-09-12,0.0301,0.1145,0.143,2026-09-12T17:00:00+00:00,,True,,,,
Liga I,Benfica,Gil Vicente,2026-09-10,0.9118,0.8255,0.3831,0.8181,0.1106,0.0712,0.5644,0.5225,False,True,2026-09-10,0.4101,False,True,2026-09-10,2026-09-10,2026-09-13,0.4222,0.0945,0.0457,2026-09-13T17:00:00+00:00,,True,,,,
La Liga 2,Cadiz,Las Palmas,2026-09-10,0.74,0.4109,0.3483,0.3228,0.2781,0.3991,0.5207,0.3643,False,True,2026-09-10,0.3647,False,True,2026-09-10,2026-09-10,2026-09-12,0.104,0.1755,0.1467,2026-09-12T14:15:00+00:00,,True,,,,
Liga I,Arouca,Santa Clara,2026-09-10,0.7773,0.5928,0.3516,0.4173,0.2737,0.309,0.5614,0.4522,False,True,2026-09-10,0.4607,False,True,2026-09-10,2026-09-10,2026-09-13,0.2106,0.1854,0.1502,2026-09-13T17:00:00+00:00,,True,,,,
League Two,York,Swindon,2026-09-10,0.7699,0.5453,0.3507,0.5339,0.2449,0.2212,0.5404,0.4137,True,True,2026-09-10,0.4633,True,True,2026-09-10,2026-09-10,2026-09-12,0.2263,0.1632,0.0874,2026-09-12T14:00:00+00:00,,True,,,,
Liga I,Nacional,Alverca,2026-09-10,0.7399,0.4145,0.3483,0.3987,0.3094,0.292,0.5208,0.3668,False,True,2026-09-10,0.3058,False,True,2026-09-10,2026-09-10,2026-09-12,0.1466,0.1731,0.1066,2026-09-12T14:30:00+00:00,,True,,,,
La Liga,Osasuna,Espanol,2026-09-10,0.7475,0.4417,0.3488,0.3869,0.3072,0.3059,0.5302,0.3839,False,True,2026-09-10,0.33,False,True,2026-09-10,2026-09-10,2026-09-12,0.1515,0.1804,0.1186,2026-09-12T14:15:00+00:00,,True,,,,
Ligue 1,Lille,Troyes,2026-09-10,0.7427,0.4128,0.3483,0.4807,0.2986,0.2208,0.5115,0.3483,True,True,2026-09-10,0.382,True,True,2026-09-10,2026-09-10,2026-09-13,0.1686,0.1647,0.0692,2026-09-13T13:00:00+00:00,,True,,,,
Jupiler League,Club Brugge,Antwerp,2026-09-10,0.8777,0.7064,0.3615,0.772,0.1453,0.0827,0.559,0.476,False,True,2026-09-10,0.4369,False,True,2026-09-10,2026-09-10,2026-09-13,0.3688,0.1142,0.0508,2026-09-13T11:30:00+00:00,,True,,,,
Jupiler League,Genk,Gent,2026-09-10,0.8933,0.7511,0.3694,0.6461,0.1609,0.193,0.5814,0.5808,False,True,2026-09-10,0.4376,False,True,2026-09-10,2026-09-10,2026-09-13,0.3884,0.1549,0.108,2026-09-13T14:00:00+00:00,,True,,,,
Mexico Liga MX,Toluca,Atlas,2026-09-10,0.7853,0.6014,0.3526,0.6271,0.2254,0.1475,0.5558,0.4412,False,True,,,,,2026-09-10,,2026-09-13,0.2773,0.1601,0.0793,2026-09-12T23:00:00+00:00,,True,,,,
Mexico Liga MX,Necaxa,Puebla,2026-09-10,0.7852,0.601,0.3526,0.5189,0.2545,0.2265,0.5628,0.4575,False,True,,,,,2026-09-10,,2026-09-12,0.2635,0.18,0.11,2026-09-12T01:00:00+00:00,,True,,,,
Mexico Liga MX,Monterrey,Tigres UANL,2026-09-10,0.7875,0.6044,0.3531,0.4012,0.2886,0.3102,0.5715,0.4864,False,True,,,,,2026-09-10,,2026-09-13,0.2277,0.1995,0.1721,2026-09-13T01:10:00+00:00,,True,,,,
Jupiler League,Oud-Heverlee Leuven,Cercle Brugge,2026-09-10,0.7555,0.4661,0.3492,0.3805,0.3095,0.3099,0.5399,0.3971,False,True,2026-09-10,0.3495,False,True,2026-09-10,2026-09-10,2026-09-12,0.1571,0.1903,0.128,2026-09-12T18:45:00+00:00,,True,,,,
Mexico Liga MX,Cruz Azul,Club America,2026-09-10,0.7797,0.5927,0.3516,0.4147,0.3042,0.2811,0.5631,0.4507,False,True,,,,,2026-09-10,,2026-09-13,0.2155,0.1958,0.1437,2026-09-13T03:15:00+00:00,,True,,,,
Mexico Liga MX,Club Tijuana,Queretaro,2026-09-10,0.7865,0.6029,0.3529,0.4708,0.274,0.2552,0.5672,0.4696,False,True,,,,,2026-09-10,,2026-09-12,0.2549,0.1893,0.1326,2026-09-12T03:10:00+00:00,,True,,,,
Jupiler League,RAAL La Louviere,Kortrijk,2026-09-10,0.7161,0.3509,0.1147,0.4085,0.3251,0.2664,0.4943,0.3055,False,True,2026-09-10,0.3463,False,True,2026-09-10,2026-09-10,2026-09-13,0.118,0.167,0.0732,2026-09-13T17:15:00+00:00,,True,,,,
Mexico Liga MX,Atlante,Pachuca,2026-09-10,0.7313,0.378,0.3476,0.3707,0.3209,0.3084,0.5136,0.3396,True,True,,,,,2026-09-10,,2026-09-12,0.1214,0.1828,0.1038,2026-09-12T03:00:00+00:00,,True,,,,
Jupiler League,Waregem,Charleroi,2026-09-10,0.7929,0.6138,0.3545,0.4158,0.2712,0.313,0.577,0.5237,False,True,2026-09-10,0.3913,False,True,2026-09-10,2026-09-10,2026-09-13,0.2495,0.1968,0.1817,2026-09-13T16:30:00+00:00,,True,,,,
Jupiler League,Westerlo,Standard,2026-09-10,0.7332,0.3836,0.3477,0.3467,0.309,0.3443,0.516,0.3463,False,True,2026-09-10,0.3709,False,True,2026-09-10,2026-09-10,2026-09-12,0.1145,0.1823,0.1173,2026-09-12T16:15:00+00:00,,True,,,,
Ligue 2,Sochaux,Nantes,2026-09-10,0.3898,0.2707,0.0473,0.3624,0.3332,0.3044,0.2408,0.121,True,True,2026-09-10,0.3743,True,True,2026-09-10,2026-09-10,2026-09-12,0.0533,0.1337,0.0538,2026-09-12T12:00:00+00:00,,True,,,,
La Liga,Ath Bilbao,Elche,2026-09-10,0.7627,0.509,0.35,0.4314,0.2987,0.2699,0.5435,0.4108,False,True,2026-09-10,0.3558,False,True,2026-09-10,2026-09-10,2026-09-12,0.1926,0.1793,0.1128,2026-09-12T16:30:00+00:00,,True,,,,
Ligue 2,Guingamp,Annecy,2026-09-10,0.7556,0.4736,0.3493,0.3666,0.3017,0.3317,0.5404,0.401,False,True,2026-09-10,0.3399,False,True,2026-09-10,2026-09-10,2026-09-12,0.1536,0.1865,0.1366,2026-09-12T12:00:00+00:00,,True,,,,
La Liga,Celta,Malaga,2026-09-10,0.3342,0.1184,0.0329,0.4632,0.3676,0.1691,0.17,0.0792,True,True,2026-09-10,0.3632,True,True,2026-09-10,2026-09-10,2026-09-13,0.0532,0.0977,0.0191,2026-09-13T12:00:00+00:00,,True,,,,
Ligue 2,Dunkerque,St Etienne,2026-09-10,0.8681,0.6848,0.3579,0.3319,0.2206,0.4475,0.65,0.5962,False,True,2026-09-10,0.4763,False,True,2026-09-10,2026-09-10,2026-09-12,0.2125,0.1921,0.2793,2026-09-12T18:00:00+00:00,,True,,,,
La Liga,Getafe,La Coruna,2026-09-10,0.5236,0.3367,0.1013,0.3411,0.3029,0.3561,0.4872,0.2948,True,True,2026-09-10,0.3505,True,True,2026-09-10,2026-09-10,2026-09-13,0.0826,0.1608,0.0968,2026-09-13T16:30:00+00:00,,True,,,,
Ligue 1,Strasbourg,Monaco,2026-09-10,0.7939,0.6156,0.3547,0.5249,0.2362,0.2388,0.5729,0.5102,False,True,2026-09-10,0.3776,False,True,2026-09-10,2026-09-10,2026-09-12,0.2948,0.1812,0.1308,2026-09-12T15:15:00+00:00,,True,,,,
Ligue 1,Paris FC,Lyon,2026-09-10,0.7868,0.6039,0.353,0.3216,0.2546,0.4238,0.5705,0.4834,False,True,2026-09-10,0.3177,False,True,2026-09-10,2026-09-10,2026-09-12,0.1658,0.1964,0.2319,2026-09-12T18:45:00+00:00,,True,,,,
La Liga,Levante,Barcelona,2026-09-10,0.9269,0.872,0.3924,0.3261,0.1587,0.5152,0.8059,0.6928,False,True,2026-09-10,0.4712,False,True,2026-09-10,2026-09-10,2026-09-13,0.1822,0.17,0.4015,2026-09-13T14:15:00+00:00,,True,,,,
League Two,Walsall,Rochdale,2026-09-10,0.7652,0.5227,0.3502,0.6828,0.2029,0.1143,0.5078,0.3677,True,True,2026-09-10,0.4101,True,True,2026-09-10,2026-09-10,2026-09-12,0.2195,0.128,0.0456,2026-09-12T14:00:00+00:00,,True,,,,
La Liga 2,Cordoba,Almeria,2026-09-10,0.8871,0.7449,0.3683,0.4303,0.2254,0.3443,0.711,0.6322,False,True,2026-09-10,0.5134,False,True,2026-09-10,2026-09-10,2026-09-12,0.2989,0.1889,0.2234,2026-09-12T19:00:00+00:00,,True,,,,
League One,Blackpool,Bromley,2026-09-10,0.7566,0.4823,0.3495,0.5638,0.2414,0.1949,0.5156,0.3716,True,True,2026-09-10,0.3593,True,True,2026-09-10,2026-09-10,2026-09-12,0.203,0.1481,0.0618,2026-09-12T14:00:00+00:00,,True,,,,
League Two,Barnet,Accrington,2026-09-10,0.7817,0.5988,0.3523,0.4815,0.2543,0.2642,0.5628,0.4602,False,True,2026-09-10,0.4423,False,True,2026-09-10,2026-09-10,2026-09-12,0.2449,0.1795,0.1294,2026-09-12T14:00:00+00:00,,True,,,,
League One,Cambridge,Reading,2026-09-10,0.7849,0.6034,0.3529,0.3669,0.2602,0.373,0.5698,0.4852,False,True,2026-09-10,0.3761,False,True,2026-09-10,2026-09-10,2026-09-12,0.2025,0.1924,0.1955,2026-09-12T14:00:00+00:00,,True,,,,
League One,Stockport,Leicester,2026-09-10,0.7836,0.6013,0.3526,0.581,0.21,0.209,0.5575,0.4492,True,True,2026-09-10,0.6957,True,True,2026-09-10,2026-09-10,2026-09-12,0.2733,0.1607,0.0919,2026-09-12T14:00:00+00:00,,True,,,,
League One,Sheffield Wed,Wigan,2026-09-10,0.7869,0.6065,0.3534,0.5353,0.2272,0.2375,0.5652,0.4719,True,True,2026-09-10,0.4667,True,True,2026-09-10,2026-09-10,2026-09-12,0.2752,0.173,0.1181,2026-09-12T14:00:00+00:00,,True,,,,
League One,Leyton Orient,Wycombe,2026-09-10,0.7497,0.4524,0.349,0.3906,0.306,0.3034,0.5324,0.3899,False,True,2026-09-10,0.3896,False,True,2026-09-10,2026-09-10,2026-09-12,0.1564,0.18,0.1199,2026-09-12T11:30:00+00:00,,True,,,,
League One,Plymouth,Barnsley,2026-09-10,0.7914,0.6138,0.3545,0.5428,0.2184,0.2388,0.57,0.5006,False,True,2026-09-10,0.4187,False,True,2026-09-10,2026-09-10,2026-09-12,0.2926,0.1734,0.1254,2026-09-12T14:00:00+00:00,,True,,,,
League One,Mansfield,Huddersfield,2026-09-10,0.78,0.5961,0.352,0.3682,0.2698,0.362,0.565,0.4626,False,True,2026-09-10,0.403,False,True,2026-09-10,2026-09-10,2026-09-12,0.1928,0.1913,0.181,2026-09-12T14:00:00+00:00,,True,,,,
League One,Oxford,Burton,2026-09-10,0.7618,0.5062,0.3499,0.5756,0.2315,0.193,0.5204,0.3832,False,True,2026-09-10,0.3553,False,True,2026-09-10,2026-09-10,2026-09-12,0.214,0.1481,0.0633,2026-09-12T14:00:00+00:00,,True,,,,
League One,Notts County,Bradford,2026-09-10,0.7544,0.4728,0.3493,0.3959,0.305,0.2991,0.5375,0.3991,True,True,2026-09-10,0.3342,True,True,2026-09-10,2026-09-10,2026-09-12,0.1652,0.1812,0.1229,2026-09-12T11:30:00+00:00,,True,,,,
League Two,Colchester,Crewe,2026-09-10,0.7766,0.5865,0.3515,0.3883,0.2765,0.3352,0.5615,0.4507,False,True,2026-09-10,0.3541,False,True,2026-09-10,2026-09-10,2026-09-12,0.1959,0.1886,0.1622,2026-09-12T14:00:00+00:00,,True,,,,
League Two,Shrewsbury,Northampton,2026-09-10,0.5143,0.3327,0.0976,0.3861,0.3248,0.2891,0.3301,0.2894,True,True,2026-09-10,0.3153,True,True,2026-09-10,2026-09-10,2026-09-12,0.0989,0.1561,0.0751,2026-09-12T14:00:00+00:00,,True,,,,
La Liga 2,Girona,Castellon,2026-09-10,0.9424,0.9276,0.6689,0.6287,0.1557,0.2155,0.8275,0.7135,True,True,2026-09-10,0.6928,True,True,2026-09-10,2026-09-10,2026-09-12,0.4567,0.1538,0.1529,2026-09-12T16:30:00+00:00,,True,,,,
La Liga 2,Granada,Albacete,2026-09-10,0.7812,0.5976,0.3522,0.4908,0.2546,0.2546,0.5616,0.4556,False,True,2026-09-10,0.3821,False,True,2026-09-10,2026-09-10,2026-09-12,0.246,0.1787,0.1226,2026-09-12T16:30:00+00:00,,True,,,,
League Two,Rotherham,Salford,2026-09-10,0.7403,0.4145,0.3483,0.4201,0.3095,0.2704,0.5185,0.363,True,True,2026-09-10,0.3827,True,True,2026-09-10,2026-09-10,2026-09-12,0.1556,0.1704,0.0944,2026-09-12T14:00:00+00:00,,True,,,,
La Liga 2,Mallorca,Sabadell,2026-09-10,0.4868,0.3171,0.0838,0.3324,0.293,0.3746,0.3068,0.2719,True,True,2026-09-10,0.325,True,True,2026-09-10,2026-09-10,2026-09-13,0.0642,0.1507,0.0919,2026-09-13T16:30:00+00:00,,True,,,,
League Two,Port Vale,Exeter,2026-09-10,0.5295,0.3411,0.1054,0.3884,0.3229,0.2888,0.488,0.2983,True,True,2026-09-10,0.3293,True,True,2026-09-10,2026-09-10,2026-09-12,0.1046,0.1587,0.0786,2026-09-12T14:00:00+00:00,,True,,,,
League Two,Oldham,Chesterfield,2026-09-10,0.7779,0.5933,0.3517,0.3725,0.2719,0.3556,0.5629,0.4557,False,True,2026-09-10,0.3719,False,True,2026-09-10,2026-09-10,2026-09-12,0.1907,0.1898,0.1739,2026-09-12T14:00:00+00:00,,True,,,,
League Two,Newport County,Fleetwood Town,2026-09-10,0.7666,0.53,0.3504,0.3232,0.2667,0.4101,0.5522,0.4244,False,True,2026-09-10,0.3629,False,True,2026-09-10,2026-09-10,2026-09-12,0.1382,0.1844,0.1844,2026-09-12T14:00:00+00:00,,True,,,,
League Two,Grimsby,Bristol Rvs,2026-09-10,0.7968,0.6292,0.3559,0.4237,0.2405,0.3358,0.5824,0.5629,False,True,2026-09-10,0.4552,False,True,2026-09-10,2026-09-10,2026-09-12,0.2656,0.1897,0.1983,2026-09-12T11:30:00+00:00,,True,,,,
League Two,Gillingham,Tranmere,2026-09-10,0.7455,0.4359,0.3487,0.4105,0.3087,0.2807,0.5258,0.3776,False,True,2026-09-10,0.333,False,True,2026-09-10,2026-09-10,2026-09-12,0.1587,0.1749,0.1057,2026-09-12T14:00:00+00:00,,True,,,,
La Liga 2,Sp Gijon,Eldense,2026-09-10,0.7284,0.3787,0.3476,0.4195,0.3146,0.266,0.5054,0.3342,False,True,2026-09-10,0.3183,False,True,2026-09-10,2026-09-10,2026-09-13,0.1388,0.1658,0.0821,2026-09-13T12:00:00+00:00,,True,,,,
La Liga 2,Tenerife,Leganes,2026-09-10,0.4397,0.2939,0.0646,0.3576,0.3254,0.317,0.2766,0.1512,False,True,2026-09-10,0.2803,False,True,2026-09-10,2026-09-10,2026-09-13,0.0664,0.144,0.0662,2026-09-13T19:00:00+00:00,,True,,,,
La Liga 2,Valladolid,Oviedo,2026-09-10,0.7395,0.409,0.3483,0.3653,0.3059,0.3288,0.5222,0.366,False,True,2026-09-10,0.3338,False,True,2026-09-10,2026-09-10,2026-09-13,0.1331,0.1783,0.1187,2026-09-13T14:15:00+00:00,,True,,,,
League One,AFC Wimbledon,Doncaster,2026-09-10,0.7379,0.4034,0.3482,0.3335,0.2912,0.3752,0.5201,0.3624,False,True,2026-09-10,0.2876,False,True,2026-09-10,2026-09-10,2026-09-12,0.1141,0.1764,0.1342,2026-09-12T14:00:00+00:00,,True,,,,
League Two,Crawley Town,Cheltenham,2026-09-10,0.7714,0.553,0.3508,0.3524,0.2793,0.3683,0.5576,0.4364,False,True,2026-09-10,0.3142,False,True,2026-09-10,2026-09-10,2026-09-12,0.1687,0.1881,0.1696,2026-09-12T11:30:00+00:00,,True,,,,
Jupiler League,Beveren,St Truiden,2026-09-10,0.7619,0.4965,0.3497,0.3019,0.2217,0.4764,0.5213,0.3788,True,True,2026-09-10,0.3933,True,True,2026-09-10,2026-09-10,2026-09-12,0.063,0.1553,0.2095,2026-09-12T14:00:00+00:00,,True,,,,
Northern Premier League,Ashton United,Cleethorpes Town,2026-09-10,0.7657,0.5167,0.3501,0.3102,0.2606,0.4292,0.5464,0.4134,False,True,2026-09-10,0.3095,False,True,2026-09-10,2026-09-10,2026-09-12,0.1121,0.1829,0.1973,,,True,,,,
National League South,Weston-super-Mare,Dagenham & Redbridge,2026-09-10,0.7293,0.3853,0.3478,0.4464,0.3037,0.2499,0.5023,0.3364,False,True,2026-09-10,0.298,False,True,2026-09-10,2026-09-10,2026-09-12,0.1493,0.1547,0.0747,,,True,,,,
National League South,Truro City,Walton & Hersham,2026-09-10,0.9441,0.9329,0.6709,0.9842,0.0143,0.0015,0.0923,0.0881,True,True,2026-09-10,0.5211,True,True,2026-09-10,2026-09-10,2026-09-12,0.0874,0.0047,0.0002,,,True,,,,
Championship,Watford,Stoke,2026-09-10,0.7214,0.3605,0.1241,0.3796,0.325,0.2954,0.5028,0.3199,False,True,2026-09-10,0.3607,False,True,2026-09-10,2026-09-10,2026-09-12,0.1137,0.175,0.0915,2026-09-12T14:00:00+00:00,,True,,,,
Championship,West Brom,QPR,2026-09-10,0.7694,0.5302,0.3504,0.4338,0.3055,0.2607,0.5506,0.4189,False,True,2026-09-10,0.3565,False,True,2026-09-10,2026-09-10,2026-09-12,0.2036,0.1858,0.1134,2026-09-12T11:30:00+00:00,,True,,,,
National League South,Torquay United,Dorking Wanderers,2026-09-10,0.795,0.6216,0.3557,0.4478,0.231,0.3213,0.5793,0.5535,False,True,2026-09-10,0.4223,False,True,2026-09-10,2026-09-10,2026-09-12,0.2728,0.1835,0.184,,,True,,,,
National League South,Maidenhead United,Billericay Town,2026-09-10,0.7575,0.4961,0.3497,0.4068,0.2872,0.3059,0.5408,0.409,True,True,2026-09-10,0.3781,True,True,2026-09-10,2026-09-10,2026-09-12,0.1748,0.176,0.127,,,True,,,,
National League South,Horsham,Chesham United,2026-09-10,0.7332,0.3935,0.348,0.3697,0.3022,0.3281,0.5148,0.3567,False,True,2026-09-10,0.2848,False,True,2026-09-10,2026-09-10,2026-09-12,0.1297,0.1686,0.1128,,,True,,,,
National League South,Hemel Hempstead Town,Tonbridge Angels,2026-09-10,0.7352,0.4015,0.3481,0.3734,0.3022,0.3244,0.5169,0.3612,False,True,2026-09-10,0.3279,False,True,2026-09-10,2026-09-10,2026-09-12,0.1336,0.1693,0.1135,,,True,,,,
National League South,Folkestone Invicta,Farnham Town,2026-09-10,0.7718,0.5625,0.351,0.5576,0.2227,0.2197,0.5411,0.4191,True,True,2026-09-10,0.4064,True,True,2026-09-10,2026-09-10,2026-09-12,0.2355,0.1567,0.0864,,,True,,,,
National League South,Farnborough,Dover Athletic,2026-09-10,0.8599,0.6808,0.3573,0.4348,0.2215,0.3437,0.6284,0.5931,False,True,2026-09-10,0.3842,False,True,2026-09-10,2026-09-10,2026-09-12,0.2821,0.1849,0.2074,,,True,,,,
National League South,Ebbsfleet United,Salisbury,2026-09-10,0.7587,0.5007,0.3498,0.4937,0.2613,0.2449,0.5328,0.4009,False,True,2026-09-10,0.3184,False,True,2026-09-10,2026-09-10,2026-09-12,0.2007,0.1633,0.0931,,,True,,,,
National League South,Braintree Town,Maidstone United,2026-09-10,0.863,0.6875,0.3584,0.3173,0.1313,0.5514,0.5721,0.5359,True,True,2026-09-10,0.4832,True,True,2026-09-10,2026-09-10,2026-09-12,0.0951,0.144,0.3633,,,True,,,,
National League South,AFC Totton,Slough Town,2026-09-10,0.8665,0.699,0.3603,0.4904,0.2132,0.2964,0.6318,0.5979,False,True,2026-09-10,0.5016,False,True,2026-09-10,2026-09-10,2026-09-12,0.3096,0.1802,0.186,,,True,,,,
National League North,Worksop Town,Southport,2026-09-10,0.7816,0.6004,0.3525,0.4091,0.2522,0.3387,0.5661,0.4718,False,True,2026-09-10,0.3658,False,True,2026-09-10,2026-09-10,2026-09-12,0.2172,0.1841,0.1697,,,True,,,,
National League North,Spennymoor Town,Macclesfield,2026-09-10,0.7793,0.5969,0.3521,0.3226,0.2235,0.4539,0.5623,0.4599,False,True,2026-09-10,0.3447,False,True,2026-09-10,2026-09-10,2026-09-12,0.1435,0.1791,0.2287,,,True,,,,
China Super League,Tianjin Jinmen Tiger,Liaoning Tieren,2026-09-10,0.7647,0.5069,0.3499,0.4398,0.3057,0.2545,0.5438,0.4076,False,True,,,,,2026-09-10,,2026-09-12,0.1968,0.1837,0.1051,2026-09-12T11:00:00+00:00,,True,,,,
Northern Premier League,Bamber Bridge,Alfreton Town,2026-09-10,0.7849,0.602,0.3527,0.3092,0.19,0.5008,0.5574,0.4475,True,True,2026-09-10,0.3323,True,True,2026-09-10,2026-09-10,2026-09-12,0.0871,0.1614,0.2769,,,True,,,,
National League North,Spalding United,Bedford Town,2026-09-10,0.7409,0.422,0.3485,0.6672,0.2207,0.1121,0.3206,0.3125,True,True,2026-09-10,0.2883,True,True,2026-09-10,2026-09-10,2026-09-12,0.1718,0.1145,0.0344,,,True,,,,
Northern Premier League,Bury,Emley AFC,2026-09-10,0.7803,0.5954,0.3519,0.7256,0.1796,0.0948,0.5178,0.3941,True,True,2026-09-10,0.4334,True,True,2026-09-10,2026-09-10,2026-09-12,0.2554,0.1215,0.0418,,,True,,,,
Northern Premier League,Gainsborough Trinity,Avro,2026-09-10,0.937,0.9007,0.3984,0.3385,0.1911,0.4704,0.8918,0.7316,True,True,2026-09-10,0.4914,True,True,2026-09-10,2026-09-10,2026-09-12,0.264,0.1845,0.3438,,,True,,,,
Poland Ekstraklasa,Legia,Widzew Lodz,2026-09-10,0.7753,0.5531,0.3508,0.4505,0.303,0.2466,0.5562,0.4267,False,True,,,,,2026-09-10,,2026-09-13,0.2175,0.1904,0.1111,2026-09-13T15:30:00+00:00,,True,,,,
Championship,Preston,Lincoln,2026-09-10,0.5268,0.3344,0.0992,0.3568,0.3232,0.32,0.4892,0.2928,True,True,2026-09-10,0.347,True,True,2026-09-10,2026-09-10,2026-09-12,0.0906,0.168,0.0867,2026-09-12T14:00:00+00:00,,True,,,,
Poland Ekstraklasa,Gornik Zabrze,Lech Poznan,2026-09-10,0.7723,0.5332,0.3504,0.3627,0.3055,0.3319,0.5581,0.4274,False,True,,,,,2026-09-10,,2026-09-12,0.1707,0.2028,0.1554,2026-09-12T15:30:00+00:00,,True,,,,
Norway Eliteserien,Viking,Kristiansund,2026-09-10,0.7923,0.6154,0.3547,0.7372,0.1615,0.1013,0.5441,0.4409,False,True,,,,,2026-09-10,,2026-09-13,0.3138,0.1204,0.052,2026-09-13T12:30:00+00:00,,True,,,,
Norway Eliteserien,Start,Brann,2026-09-10,0.7821,0.5994,0.3524,0.3169,0.2201,0.463,0.5631,0.4613,False,True,,,,,2026-09-10,,2026-09-13,0.129,0.1791,0.247,2026-09-13T15:00:00+00:00,,True,,,,
Championship,Sheffield United,Wolves,2026-09-10,0.8703,0.6807,0.3572,0.3266,0.2246,0.4488,0.6493,0.5922,True,True,2026-09-10,0.75,True,True,2026-09-10,2026-09-10,2026-09-13,0.203,0.1947,0.2859,2026-09-13T11:00:00+00:00,,True,,,,
Championship,Southampton,Bristol City,2026-09-10,0.789,0.6075,0.3535,0.5296,0.2407,0.2296,0.5667,0.474,False,True,2026-09-10,0.4126,False,True,2026-09-10,2026-09-10,2026-09-12,0.2791,0.1785,0.1167,2026-09-12T14:00:00+00:00,,True,,,,
Norway Eliteserien,Rosenborg,Tromso,2026-09-10,0.7747,0.5725,0.3512,0.4135,0.282,0.3045,0.5589,0.4427,False,True,,,,,2026-09-10,,2026-09-12,0.2029,0.1857,0.1449,2026-09-12T16:00:00+00:00,,True,,,,
Norway Eliteserien,Lillestrom,Valerenga,2026-09-10,0.7924,0.6156,0.3547,0.4126,0.2485,0.339,0.5771,0.5324,False,True,,,,,2026-09-10,,2026-09-12,0.2466,0.1904,0.1915,2026-09-12T14:00:00+00:00,,True,,,,
Norway Eliteserien,KFUM Oslo,Aalesund,2026-09-10,0.761,0.5041,0.3499,0.4285,0.2965,0.275,0.5422,0.4094,False,True,,,,,2026-09-10,,2026-09-13,0.1887,0.178,0.1146,2026-09-13T15:00:00+00:00,,True,,,,
Norway Eliteserien,HamKam,Molde,2026-09-10,0.7853,0.6043,0.3531,0.3343,0.2487,0.4169,0.57,0.488,False,True,,,,,2026-09-10,,2026-09-13,0.1828,0.1907,0.2179,2026-09-13T15:00:00+00:00,,True,,,,
Norway Eliteserien,Fredrikstad,Sarpsborg 08,2026-09-10,0.7542,0.4734,0.3493,0.4016,0.3052,0.2933,0.5369,0.3989,False,True,,,,,2026-09-10,,2026-09-13,0.1675,0.1797,0.1205,2026-09-13T17:15:00+00:00,,True,,,,
Championship,Swansea,Burnley,2026-09-10,0.7308,0.3788,0.3476,0.3145,0.2692,0.4163,0.507,0.3327,False,True,2026-09-10,0.3552,False,True,2026-09-10,2026-09-10,2026-09-12,0.0784,0.1714,0.1412,2026-09-12T14:00:00+00:00,,True,,,,
Northern Premier League,Workington AFC,Ilkeston Town,2026-09-10,0.7765,0.5768,0.3513,0.4524,0.2853,0.2623,0.5582,0.4391,False,True,2026-09-10,0.3217,False,True,2026-09-10,2026-09-10,2026-09-12,0.2229,0.1846,0.122,,,True,,,,
Northern Premier League,Warrington Rylands,Stockton Town,2026-09-10,0.7799,0.5944,0.3518,0.4849,0.2672,0.2478,0.5599,0.4472,False,True,2026-09-10,0.3874,False,True,2026-09-10,2026-09-10,2026-09-12,0.2402,0.1813,0.1172,,,True,,,,
Northern Premier League,Redcar Athletic,Leek Town,2026-09-10,0.7738,0.5595,0.3509,0.7915,0.1502,0.0583,0.3141,0.3234,True,True,2026-09-10,0.2846,True,True,2026-09-10,2026-09-10,2026-09-12,0.2042,0.0897,0.0202,,,True,,,,
Northern Premier League,Lancaster City,Curzon Ashton,2026-09-10,0.7926,0.6142,0.3545,0.3163,0.211,0.4727,0.5728,0.5094,True,True,2026-09-10,0.4259,True,True,2026-09-10,2026-09-10,2026-09-12,0.1383,0.1826,0.2853,,,True,,,,
Northern Premier League,Hyde United,Whitby Town,2026-09-10,0.7908,0.6113,0.3541,0.5149,0.2398,0.2452,0.5703,0.4951,False,True,2026-09-10,0.4101,False,True,2026-09-10,2026-09-10,2026-09-12,0.2817,0.1808,0.1306,,,True,,,,
Northern Premier League,Guiseley,Quorn,2026-09-10,0.8708,0.6885,0.3586,0.5598,0.2044,0.2358,0.586,0.5729,True,True,2026-09-10,0.3235,True,True,2026-09-10,2026-09-10,2026-09-12,0.3395,0.1749,0.1409,,,True,,,,
Northern Premier League,FC United of Manchester,Warrington Town,2026-09-10,0.7898,0.6096,0.3538,0.4945,0.2498,0.2558,0.5703,0.4927,False,True,2026-09-10,0.3448,False,True,2026-09-10,2026-09-10,2026-09-12,0.2722,0.1839,0.1368,,,True,,,,
National League North,Scarborough Athletic,Merthyr Town,2026-09-10,0.7878,0.61,0.3539,0.4316,0.2424,0.326,0.572,0.5076,False,True,2026-09-10,0.346,False,True,2026-09-10,2026-09-10,2026-09-12,0.2441,0.1838,0.1738,,,True,,,,
China Super League,Wuhan Three Towns,Henan Songshan Longmen,2026-09-10,0.7762,0.5687,0.3511,0.4049,0.3055,0.2896,0.5602,0.4409,False,True,,,,,2026-09-10,,2026-09-12,0.2018,0.1949,0.1436,2026-09-12T11:35:00+00:00,,True,,,,
National League,Harrogate,Tamworth,2026-09-10,0.8815,0.7251,0.3648,0.6028,0.1785,0.2186,0.5921,0.5838,True,True,2026-09-10,0.4467,True,True,2026-09-10,2026-09-10,2026-09-12,0.3649,0.1646,0.1285,,,True,,,,
Isthmian League,AFC Whyteleafe,Stanway Rovers,2026-09-10,0.7668,0.54,0.3506,0.5174,0.2424,0.2403,0.5408,0.416,True,True,2026-09-10,0.4552,True,True,2026-09-10,2026-09-10,2026-09-12,0.2194,0.1624,0.0961,,,True,,,,
Isthmian League,Aveley,Leatherhead,2026-09-10,0.9048,0.8141,0.381,0.5874,0.1658,0.2469,0.7154,0.652,True,True,2026-09-10,0.365,True,True,2026-09-10,2026-09-10,2026-09-12,0.3861,0.1647,0.1624,,,True,,,,
National League,Halifax,Hornchurch,2026-09-10,0.784,0.6014,0.3526,0.3304,0.2566,0.4129,0.5685,0.4758,True,True,2026-09-10,0.3509,True,True,2026-09-10,2026-09-10,2026-09-12,0.1751,0.1932,0.2155,,,True,,,,
Isthmian League,Burgess Hill Town,Ramsgate,2026-09-10,0.8777,0.7334,0.3663,0.3581,0.2026,0.4393,0.6926,0.6276,False,True,2026-09-10,0.4903,False,True,2026-09-10,2026-09-10,2026-09-12,0.2419,0.1855,0.2756,,,True,,,,
Isthmian League,Carshalton Athletic,Dartford,2026-09-10,0.7844,0.6049,0.3531,0.3253,0.2156,0.4592,0.5677,0.4842,False,True,2026-09-10,0.4048,False,True,2026-09-10,2026-09-10,2026-09-12,0.1559,0.1802,0.2433,,,True,,,,
Isthmian League,Chatham Town,Lewes,2026-09-10,0.7845,0.6043,0.353,0.7458,0.1575,0.0967,0.5223,0.4089,False,True,2026-09-10,0.3935,False,True,2026-09-10,2026-09-10,2026-09-12,0.2779,0.1101,0.0422,,,True,,,,
National League,Forest Green,Gateshead,2026-09-10,0.7883,0.6081,0.3536,0.5984,0.1999,0.2017,0.561,0.4621,False,True,2026-09-10,0.3957,False,True,2026-09-10,2026-09-10,2026-09-12,0.2927,0.1596,0.0918,,,True,,,,
Isthmian League,Dulwich Hamlet,Brentwood Town,2026-09-10,0.7867,0.6084,0.3537,0.4041,0.2405,0.3554,0.5715,0.5041,False,True,2026-09-10,0.4221,False,True,2026-09-10,2026-09-10,2026-09-12,0.2272,0.1851,0.187,,,True,,,,
National League,Eastleigh,Boreham Wood,2026-09-10,0.7986,0.6446,0.3563,0.3199,0.1959,0.4842,0.5799,0.556,False,True,2026-09-10,0.3774,False,True,2026-09-10,2026-09-10,2026-09-12,0.1517,0.1802,0.3115,,,True,,,,
Isthmian League,Eastbourne Borough,Cheshunt,2026-09-10,0.7634,0.5248,0.3503,0.409,0.2765,0.3144,0.548,0.4218,True,True,2026-09-10,0.2884,True,True,2026-09-10,2026-09-10,2026-09-12,0.1838,0.1771,0.1354,,,True,,,,
National League,Carlisle,Southend,2026-09-10,0.7814,0.5974,0.3521,0.4159,0.2795,0.3046,0.5652,0.4632,False,True,2026-09-10,0.3593,False,True,2026-09-10,2026-09-10,2026-09-12,0.2196,0.1905,0.1562,,,True,,,,
Isthmian League,Enfield Town,Cray Wanderers,2026-09-10,0.956,0.9879,0.7279,0.7928,0.1086,0.0985,0.7199,0.6834,True,True,2026-09-10,0.5459,True,True,2026-09-10,2026-09-10,2026-09-12,0.5347,0.1038,0.0767,,,True,,,,
Isthmian League,Maldon & Tiptree,Whitehawk,2026-09-10,0.7988,0.6674,0.3568,0.489,0.2155,0.2955,0.5947,0.5789,True,True,2026-09-10,0.695,True,True,2026-09-10,2026-09-10,2026-09-12,0.2998,0.1796,0.1798,,,True,,,,
Isthmian League,St Albans City,Three Bridges,2026-09-10,0.9577,0.9964,0.7371,0.6311,0.1456,0.2233,0.9221,0.7694,True,True,2026-09-10,0.7264,True,True,2026-09-10,2026-09-10,2026-09-12,0.4872,0.1486,0.17,,,True,,,,
National League,Boston Utd,Wealdstone,2026-09-10,0.7844,0.6019,0.3527,0.4419,0.2722,0.2859,0.5671,0.4716,False,True,2026-09-10,0.3772,False,True,2026-09-10,2026-09-10,2026-09-12,0.2399,0.1878,0.1485,,,True,,,,
Isthmian League,Welling United,Wingate & Finchley,2026-09-10,0.7794,0.5975,0.3521,0.4145,0.254,0.3315,0.5639,0.4643,False,True,2026-09-10,0.3194,False,True,2026-09-10,2026-09-10,2026-09-12,0.2147,0.1823,0.1623,,,True,,,,
Eredivisie,Twente,Den Haag,2026-09-10,0.8657,0.66,0.3567,0.6153,0.1901,0.1946,0.5744,0.5305,True,True,2026-09-10,0.4343,True,True,2026-09-10,2026-09-10,2026-09-12,0.3477,0.1636,0.1032,2026-09-12T14:30:00+00:00,,True,,,,
National League North,Radcliffe,Oxford City,2026-09-10,0.7822,0.6014,0.3526,0.3364,0.2387,0.4248,0.567,0.476,False,True,2026-09-10,0.3462,False,True,2026-09-10,2026-09-10,2026-09-12,0.1775,0.185,0.2132,,,True,,,,
National League North,Morecambe,Brackley Town,2026-09-10,0.7486,0.4549,0.349,0.6559,0.2189,0.1252,0.493,0.3371,True,True,2026-09-10,0.0337,True,True,2026-09-10,2026-09-10,2026-09-12,0.1891,0.1235,0.0424,,,True,,,,
National League North,Marine,Darlington,2026-09-10,0.7833,0.6031,0.3529,0.3916,0.2474,0.3611,0.5683,0.4833,False,True,2026-09-10,0.3502,False,True,2026-09-10,2026-09-10,2026-09-12,0.2125,0.1857,0.1842,,,True,,,,
National League North,King's Lynn Town,Chorley,2026-09-10,0.7711,0.5607,0.351,0.3586,0.2627,0.3787,0.5575,0.4399,False,True,2026-09-10,0.3625,False,True,2026-09-10,2026-09-10,2026-09-12,0.171,0.1827,0.172,,,True,,,,
National League North,Hereford,South Shields,2026-09-10,0.775,0.583,0.3514,0.3142,0.2003,0.4855,0.5499,0.4323,False,True,2026-09-10,0.3774,False,True,2026-09-10,2026-09-10,2026-09-12,0.098,0.1622,0.2408,,,True,,,,
Denmark Superliga,Lyngby,Sonderjyske,2026-09-10,0.7573,0.4719,0.3493,0.4003,0.3133,0.2863,0.5406,0.3982,False,True,,,,,2026-09-10,,2026-09-13,0.167,0.1902,0.1201,2026-09-13T12:00:00+00:00,,True,,,,
National League North,Hebburn Town,Hednesford Town,2026-09-10,0.8746,0.7229,0.3644,0.4123,0.2135,0.3742,0.6808,0.6208,True,True,2026-09-10,0.4493,True,True,2026-09-10,2026-09-10,2026-09-12,0.2786,0.1859,0.2333,,,True,,,,
National League North,Harborough Town,AFC Telford United,2026-09-10,0.7762,0.5924,0.3516,0.328,0.2403,0.4317,0.5607,0.4523,True,True,2026-09-10,0.3113,True,True,2026-09-10,2026-09-10,2026-09-12,0.1547,0.1819,0.206,,,True,,,,
Denmark Superliga,Randers FC,Odense,2026-09-10,0.744,0.4154,0.3484,0.3686,0.3136,0.3178,0.5274,0.3695,False,True,,,,,2026-09-10,,2026-09-13,0.1365,0.1879,0.1189,2026-09-13T14:00:00+00:00,,True,,,,
National League North,Buxton,Chester,2026-09-10,0.7747,0.5812,0.3514,0.4569,0.2605,0.2826,0.5574,0.4429,False,True,2026-09-10,0.3353,False,True,2026-09-10,2026-09-10,2026-09-12,0.2199,0.1759,0.1296,,,True,,,,
Denmark Superliga,Silkeborg,Viborg,2026-09-10,0.7859,0.6022,0.3527,0.3359,0.2782,0.3858,0.5706,0.4802,False,True,,,,,2026-09-10,,2026-09-13,0.187,0.2005,0.207,2026-09-13T12:00:00+00:00,,True,,,,
National League,Yeovil,Fylde,2026-09-10,0.7816,0.5977,0.3522,0.4004,0.278,0.3216,0.5659,0.4652,False,True,2026-09-10,0.3484,False,True,2026-09-10,2026-09-10,2026-09-12,0.2131,0.192,0.165,,,True,,,,
Eredivisie,Cambuur,Nijmegen,2026-09-10,0.8929,0.7418,0.3677,0.3127,0.1449,0.5424,0.5785,0.5641,True,True,2026-09-10,0.4968,True,True,2026-09-10,2026-09-10,2026-09-12,0.0961,0.1513,0.3885,2026-09-12T19:00:00+00:00,,True,,,,
National League,Worthing,Barrow,2026-09-10,0.8689,0.6883,0.3585,0.4178,0.2373,0.3449,0.654,0.5987,True,True,2026-09-10,0.3714,True,True,2026-09-10,2026-09-10,2026-09-12,0.2781,0.192,0.2157,,,True,,,,
National League,Woking,Altrincham,2026-09-10,0.7585,0.4877,0.3496,0.3987,0.3062,0.2951,0.5422,0.4054,False,True,2026-09-10,0.3332,False,True,2026-09-10,2026-09-10,2026-09-12,0.1713,0.1846,0.1255,,,True,,,,
Eredivisie,Excelsior,Utrecht,2026-09-10,0.7781,0.576,0.3513,0.3271,0.2826,0.3903,0.5626,0.4457,False,True,2026-09-10,0.35,False,True,2026-09-10,2026-09-10,2026-09-13,0.1564,0.2012,0.195,2026-09-13T10:15:00+00:00,,True,,,,
Eredivisie,For Sittard,Ajax,2026-09-10,0.771,0.53,0.3504,0.3393,0.298,0.3627,0.5573,0.4261,False,True,2026-09-10,0.3727,False,True,2026-09-10,2026-09-10,2026-09-12,0.1574,0.2007,0.1669,2026-09-12T18:00:00+00:00,,True,,,,
Eredivisie,Go Ahead Eagles,Groningen,2026-09-10,0.7793,0.5853,0.3515,0.361,0.2989,0.3401,0.5641,0.4508,False,True,2026-09-10,0.4335,False,True,2026-09-10,2026-09-10,2026-09-12,0.1861,0.2028,0.1719,2026-09-12T16:45:00+00:00,,True,,,,
National League,Sutton,Scunthorpe,2026-09-10,0.7879,0.6073,0.3535,0.3328,0.2516,0.4156,0.5725,0.4997,False,True,2026-09-10,0.3853,False,True,2026-09-10,2026-09-10,2026-09-12,0.186,0.1939,0.2245,,,True,,,,
Eredivisie,Heerenveen,Telstar,2026-09-10,0.7578,0.4691,0.3493,0.3412,0.3013,0.3575,0.5434,0.3992,False,True,2026-09-10,0.3727,False,True,2026-09-10,2026-09-10,2026-09-13,0.1389,0.1968,0.1488,2026-09-13T12:30:00+00:00,,True,,,,
National League,Solihull,Aldershot,2026-09-10,0.7984,0.6415,0.3562,0.4382,0.246,0.3158,0.5954,0.5681,False,True,2026-09-10,0.4199,False,True,2026-09-10,2026-09-10,2026-09-12,0.278,0.1906,0.1909,,,True,,,,
Ligue 1,Lorient,Toulouse,2026-09-10,0.7417,0.4077,0.3482,0.3456,0.307,0.3474,0.5251,0.3655,False,True,2026-09-10,0.3136,False,True,2026-09-10,2026-09-10,2026-09-12,0.1246,0.1862,0.1267,2026-09-12T18:45:00+00:00,,True,,,,
Scottish Championship,Ayr,Inverness C,2026-09-10,0.7396,0.3712,0.3478,0.4116,0.3301,0.2583,0.5191,0.3429,False,True,2026-09-10,0.3315,False,True,2026-09-10,2026-09-10,2026-09-12,0.1425,0.1926,0.0871,,,True,,,,
Scottish Championship,Dunfermline,Queens Park,2026-09-10,0.7588,0.4534,0.3491,0.4556,0.3163,0.2282,0.5338,0.3803,False,True,2026-09-10,0.3195,False,True,2026-09-10,2026-09-10,2026-09-12,0.1836,0.1903,0.086,,,True,,,,
Romania Superliga,Corvinul,Univ. Craiova,2026-09-10,0.7279,0.3604,0.3474,0.3492,0.3159,0.3349,0.5103,0.3355,True,True,,,,,2026-09-10,,2026-09-13,0.113,0.1785,0.1079,2026-09-13T17:30:00+00:00,,True,,,,
Romania Superliga,FC Arges,FC Botosani,2026-09-10,0.729,0.3624,0.3475,0.3339,0.299,0.367,0.5109,0.3372,False,True,,,,,2026-09-10,,2026-09-13,0.1016,0.1782,0.1212,2026-09-13T12:00:00+00:00,,True,,,,
Scottish Championship,Raith Rvs,Arbroath,2026-09-10,0.7768,0.558,0.3508,0.4989,0.2951,0.206,0.5522,0.418,False,True,2026-09-10,0.297,False,True,2026-09-10,2026-09-10,2026-09-12,0.2278,0.188,0.0914,,,True,,,,
Scottish League Two,Annan Athletic,Elgin,2026-09-10,0.7835,0.6057,0.3523,0.3293,0.2796,0.3911,0.5682,0.4694,False,True,2026-09-10,0.3445,False,True,2026-09-10,2026-09-10,2026-09-12,0.1801,0.1987,0.2031,,,True,,,,
Scottish League Two,Edinburgh City,Stirling,2026-09-10,0.7979,0.6199,0.3558,0.445,0.2587,0.2963,0.5819,0.5566,False,True,2026-09-10,0.4135,False,True,2026-09-10,2026-09-10,2026-09-12,0.2789,0.1936,0.1809,,,True,,,,
Scottish League Two,Spartans,Forfar,2026-09-10,0.7651,0.5109,0.35,0.4716,0.2961,0.2322,0.5409,0.4054,False,True,2026-09-10,0.3176,False,True,2026-09-10,2026-09-10,2026-09-12,0.204,0.1781,0.0959,,,True,,,,
Scottish League One,Queen of Sth,East Fife,2026-09-10,0.7743,0.5532,0.3507,0.4978,0.2882,0.214,0.5489,0.4175,False,True,2026-09-10,0.308,False,True,2026-09-10,2026-09-10,2026-09-12,0.2246,0.1806,0.0934,,,True,,,,
Scottish League One,Airdrie Utd,Alloa,2026-09-10,0.7454,0.405,0.3484,0.3024,0.2516,0.4461,0.5109,0.3453,True,True,2026-09-10,0.306,True,True,2026-09-10,2026-09-10,2026-09-12,0.0632,0.1655,0.1722,,,True,,,,
USA MLS,Columbus Crew,New York City,2026-09-10,0.7706,0.5393,0.3505,0.3756,0.3029,0.3215,0.5568,0.4278,False,True,,,,,2026-09-10,,2026-09-13,0.178,0.1953,0.1488,,,True,,,,
Argentina Primera Division,Sarmiento Junin,Belgrano,2026-09-10,0.7385,0.3757,0.3479,0.3456,0.3149,0.3395,0.5219,0.3547,False,True,,,,,2026-09-10,,2026-09-13,0.1207,0.1889,0.1195,2026-09-13T17:45:00+00:00,,True,,,,
Austria Bundesliga,Austria Vienna,A. Lustenau,2026-09-10,0.4624,0.295,0.0689,0.4281,0.3399,0.232,0.2755,0.1471,False,True,,,,,2026-09-10,,2026-09-13,0.0878,0.1451,0.0425,2026-09-13T12:30:00+00:00,,True,,,,
Bundesliga,FC Koln,Werder Bremen,2026-09-10,0.7783,0.5939,0.3514,0.3994,0.3033,0.2973,0.5624,0.448,False,True,2026-09-10,0.326,False,True,2026-09-10,2026-09-10,2026-09-12,0.2047,0.1967,0.1502,2026-09-12T16:30:00+00:00,,True,,,,
Denmark Superliga,Nordsjaelland,Aarhus,2026-09-10,0.7965,0.6165,0.3554,0.3554,0.2603,0.3842,0.5818,0.5508,False,True,,,,,2026-09-10,,2026-09-13,0.2244,0.2006,0.2283,2026-09-13T16:00:00+00:00,,True,,,,
Ligi 1,Eyupspor,Rizespor,2026-09-10,0.7541,0.4446,0.349,0.3315,0.2955,0.3729,0.5386,0.3904,False,True,2026-09-10,0.311,False,True,2026-09-10,2026-09-10,2026-09-12,0.1256,0.1956,0.151,2026-09-12T14:00:00+00:00,,True,,,,
Ligue 1,Brest,Paris SG,2026-09-10,0.8875,0.7287,0.366,0.321,0.2049,0.4741,0.6854,0.6162,False,True,2026-09-10,0.4389,False,True,2026-09-10,2026-09-10,2026-09-13,0.1872,0.188,0.3246,2026-09-13T18:45:00+00:00,,True,,,,
Jupiler League,St. Gilloise,Lommel SK,2026-09-10,0.4705,0.3005,0.0741,0.4418,0.333,0.2252,0.2744,0.2503,True,True,2026-09-10,0.2647,True,True,2026-09-10,2026-09-10,2026-09-12,0.0936,0.1396,0.0412,2026-09-12T18:45:00+00:00,,True,,,,
Eredivisie,PSV Eindhoven,Sparta Rotterdam,2026-09-10,0.9219,0.8369,0.3856,0.7529,0.1464,0.1007,0.5792,0.5857,False,True,2026-09-10,0.505,False,True,2026-09-10,2026-09-10,2026-09-13,0.4414,0.1248,0.0734,2026-09-13T18:00:00+00:00,,True,,,,
Eredivisie,Zwolle,Feyenoord,2026-09-10,0.797,0.6166,0.3554,0.3099,0.1984,0.4917,0.5736,0.5158,False,True,2026-09-10,0.4527,False,True,2026-09-10,2026-09-10,2026-09-13,0.1178,0.1766,0.3156,2026-09-13T14:45:00+00:00,,True,,,,
Poland Ekstraklasa,Pogon Szczecin,Wieczysta Krakow,2026-09-10,0.7927,0.6123,0.3541,0.4997,0.2625,0.2378,0.5723,0.4976,True,True,,,,,2026-09-10,,2026-09-13,0.2813,0.1895,0.1328,2026-09-13T12:45:00+00:00,,True,,,,
Poland Ekstraklasa,Wisla Plock,Cracovia,2026-09-10,0.7504,0.425,0.3487,0.3893,0.3204,0.2903,0.5335,0.379,False,True,,,,,2026-09-10,,2026-09-13,0.1512,0.1938,0.1142,2026-09-13T10:15:00+00:00,,True,,,,
Ligi 1,Alanyaspor,Goztep,2026-09-10,0.7519,0.434,0.3488,0.3236,0.2849,0.3915,0.5346,0.3828,False,True,2026-09-10,0.3023,False,True,2026-09-10,2026-09-10,2026-09-12,0.1124,0.1924,0.157,2026-09-12T17:00:00+00:00,,True,,,,
Liga I,Academico Viseu,Guimaraes,2026-09-10,0.7423,0.4137,0.3485,0.3758,0.3044,0.3198,0.5247,0.3743,True,True,2026-09-10,0.358,True,True,2026-09-10,2026-09-10,2026-09-12,0.1424,0.176,0.118,2026-09-12T19:30:00+00:00,,True,,,,
Championship,Bristol City,Watford,2026-09-14,0.6947,0.3718,0.1241,0.4166,0.3176,0.2658,0.498,0.3306,False,True,2026-09-14,0.3556,False,True,2026-09-14,2026-09-14,2026-09-18,0.164,0.2284,0.1055,2026-09-18T19:00:00+00:00,,False,2026-09-18,2026-09-18,0.4729,
Liga I,Sp Braga,Estoril,2026-09-14,0.7851,0.6033,0.3625,0.4336,0.2601,0.3063,0.5834,0.4889,False,True,2026-09-14,0.5051,False,True,2026-09-14,2026-09-14,2026-09-14,0.2345,0.1823,0.1665,2026-09-14T19:45:00+00:00,,True,,,,
Jupiler League,Gent,Standard,2026-09-14,0.7858,0.5267,0.3521,0.3253,0.281,0.3937,0.5845,0.4447,False,True,2026-09-14,0.409,False,True,2026-09-14,2026-09-14,2026-09-18,0.1419,0.2386,0.204,2026-09-18T18:45:00+00:00,,False,2026-09-18,2026-09-18,0.5674,
Poland Ekstraklasa,Wisla,Slask Wroclaw,2026-09-14,0.7622,0.6483,0.3584,0.5339,0.239,0.2271,0.5761,0.5399,True,True,,,,,2026-09-14,,2026-09-18,0.2736,0.1883,0.1142,2026-09-18T18:30:00+00:00,,True,,,,
Isthmian League,Aveley,Wingate & Finchley,2026-09-14,0.7835,0.6075,0.362,0.602,0.1952,0.2028,0.5917,0.4682,False,True,2026-09-14,0.4038,False,True,2026-09-14,2026-09-14,2026-09-14,0.3266,0.1669,0.0982,,,True,,,,
Poland Ekstraklasa,Widzew Lodz,Wieczysta Krakow,2026-09-14,0.7823,0.5999,0.363,0.4576,0.2863,0.2562,0.584,0.4759,True,True,,,,,2026-09-14,,2026-09-18,0.2652,0.2007,0.118,2026-09-18T16:00:00+00:00,,True,,,,
Brazil Serie A,Botafogo RJ,Gremio,2026-09-14,0.7721,0.5021,0.3498,0.525,0.2654,0.2096,0.5424,0.4211,False,True,,,,,2026-09-14,,2026-09-17,0.2798,0.1793,0.0833,2026-09-16T22:30:00+00:00,,True,,,,
Liga I,Rio Ave,Estrela,2026-09-14,0.7071,0.3928,0.3397,0.334,0.2909,0.3751,0.5119,0.3607,False,True,2026-09-14,0.3592,False,True,2026-09-14,2026-09-14,2026-09-14,0.132,0.2187,0.1612,2026-09-14T17:45:00+00:00,,True,,,,
La Liga 2,Celta B,Eibar,2026-09-14,0.7799,0.5234,0.3518,0.5738,0.2344,0.1918,0.5348,0.4203,True,True,2026-09-14,0.0677,True,True,2026-09-14,2026-09-14,2026-09-14,0.3015,0.1632,0.0702,2026-09-14T18:30:00+00:00,,True,,,,
Ligi 1,Kasimpasa,Konyaspor,2026-09-14,0.7982,0.5627,0.3557,0.3955,0.3001,0.3044,0.5893,0.4567,False,True,2026-09-14,0.3629,False,True,2026-09-14,2026-09-14,2026-09-18,0.1977,0.2092,0.1824,2026-09-18T17:00:00+00:00,,False,2026-09-18,2026-09-18,0.5258,
La Liga,Betis,Getafe,2026-09-14,0.5128,0.3398,0.0959,0.5072,0.2947,0.1981,0.2782,0.2664,False,True,2026-09-14,0.339,False,True,2026-09-14,2026-09-14,2026-09-17,0.1142,0.1279,0.0361,2026-09-17T17:00:00+00:00,,True,2026-09-17,2026-09-17,0.3804,
USA MLS,Vancouver Whitecaps,Austin FC,2026-09-14,0.7922,0.5888,0.3595,0.5609,0.2389,0.2002,0.5804,0.4511,False,True,,,,,2026-09-14,,2026-09-14,0.2961,0.1883,0.0959,,,True,,,,
La Liga,Barcelona,Santander,2026-09-14,0.9125,0.8227,0.3828,0.7904,0.1245,0.0851,0.5826,0.5439,True,True,2026-09-14,0.8106,True,True,2026-09-14,2026-09-14,2026-09-16,0.4217,0.105,0.0558,2026-09-16T19:30:00+00:00,,True,2026-09-16,2026-09-16,0.8726,
USA MLS,San Diego FC,Philadelphia Union,2026-09-14,0.7939,0.5861,0.3585,0.4191,0.2931,0.2877,0.5878,0.4646,False,True,,,,,2026-09-14,,2026-09-14,0.2147,0.1956,0.1774,,,True,,,,
La Liga 2,Albacete,Cordoba,2026-09-14,0.7838,0.532,0.3527,0.3286,0.2751,0.3963,0.5829,0.4466,False,True,2026-09-14,0.3797,False,True,2026-09-14,2026-09-14,2026-09-18,0.1464,0.2317,0.2048,2026-09-18T18:30:00+00:00,,False,2026-09-18,2026-09-18,0.5802,
La Liga,Ath Madrid,Osasuna,2026-09-14,0.7659,0.6458,0.3585,0.6892,0.1818,0.129,0.5876,0.4898,False,True,2026-09-14,0.376,False,True,2026-09-14,2026-09-14,2026-09-16,0.3622,0.1459,0.0795,2026-09-16T17:00:00+00:00,,True,2026-09-16,2026-09-16,0.6092,
Argentina Primera Division,Independiente,San Lorenzo,2026-09-14,0.5189,0.3368,0.0935,0.4446,0.322,0.2334,0.3157,0.2802,False,True,,,,,2026-09-14,,2026-09-14,0.109,0.1552,0.0515,,,True,,,,
Liga I,Moreirense,Maritimo,2026-09-14,0.68,0.3638,0.1168,0.3532,0.3054,0.3414,0.4901,0.3263,True,True,2026-09-14,0.3592,True,True,2026-09-14,2026-09-14,2026-09-14,0.1326,0.2215,0.1361,2026-09-14T19:15:00+00:00,,True,,,,
Austria Bundesliga,SK Rapid,Tirol,2026-09-14,0.768,0.6239,0.3597,0.5697,0.2253,0.205,0.5821,0.504,False,True,,,,,2026-09-14,,2026-09-18,0.3103,0.1674,0.1044,2026-09-18T17:30:00+00:00,,True,,,,
Norway Eliteserien,Sarpsborg 08,KFUM Oslo,2026-09-14,0.7701,0.5044,0.35,0.4658,0.2822,0.2521,0.5583,0.4329,False,True,,,,,2026-09-14,,2026-09-18,0.2575,0.1888,0.112,2026-09-18T17:00:00+00:00,,True,,,,
Switzerland Super League,Lugano,St. Gallen,2026-09-14,0.7957,0.5841,0.3579,0.408,0.2905,0.3015,0.5883,0.4632,False,True,,,,,2026-09-14,,2026-09-16,0.2101,0.1989,0.1793,2026-09-16T17:00:00+00:00,,True,,,,
Switzerland Super League,Thun,Servette,2026-09-14,0.7814,0.605,0.3623,0.47,0.2671,0.2629,0.5833,0.4858,False,True,,,,,2026-09-14,,2026-09-16,0.2128,0.1897,0.1808,2026-09-16T17:00:00+00:00,,True,,,,
La Liga,Villarreal,Betis,2026-09-14,0.788,0.5976,0.3626,0.418,0.2701,0.3119,0.5846,0.4773,False,True,2026-09-14,0.5108,False,True,2026-09-14,2026-09-14,2026-09-14,0.2248,0.1899,0.1699,2026-09-14T19:00:00+00:00,,True,,,,
Romania Superliga,UTA Arad,Sepsi Sf. Gheorghe,2026-09-14,0.7639,0.4815,0.3479,0.4347,0.3016,0.2638,0.5575,0.4279,False,True,,,,,2026-09-14,,2026-09-18,0.2183,0.2281,0.1111,2026-09-18T15:00:00+00:00,,True,,,,
La Liga,Levante,Ath Bilbao,2026-09-14,0.7742,0.5107,0.3506,0.3877,0.2931,0.3192,0.5743,0.4402,False,False,2026-09-14,0.3635,False,False,2026-09-14,2026-09-14,2026-09-16,0.1773,0.2017,0.1952,2026-09-16T19:30:00+00:00,,False,2026-09-16,2026-09-16,0.5715,
Denmark Superliga,Lyngby,Silkeborg,2026-09-14,0.7612,0.4722,0.3471,0.4032,0.3068,0.2899,0.5605,0.4274,False,True,,,,,2026-09-14,,2026-09-18,0.1947,0.2386,0.1272,2026-09-18T17:00:00+00:00,,True,,,,
Serie A,Como,Parma,2026-09-14,0.7121,0.3952,0.34,0.6157,0.2715,0.1128,0.3051,0.3013,False,True,2026-09-14,0.3479,False,True,2026-09-14,2026-09-14,2026-09-14,0.1512,0.1214,0.0325,2026-09-14T16:30:00+00:00,,True,,,,
Denmark Superliga,Midtjylland,Brondby,2026-09-14,0.7987,0.5669,0.3561,0.4336,0.2971,0.2694,0.5907,0.4557,False,True,,,,,2026-09-14,,2026-09-14,0.2446,0.2201,0.1261,2026-09-14T17:00:00+00:00,,True,,,,
League One,AFC Wimbledon,Milton Keynes Dons,2026-09-14,0.7428,0.4475,0.3449,0.2927,0.2658,0.4415,0.532,0.3978,True,True,2026-09-14,0.3753,True,True,2026-09-14,2026-09-14,2026-09-17,0.1022,0.1943,0.2355,2026-09-17T19:00:00+00:00,,True,2026-09-17,2026-09-17,0.5572,
National League,Altrincham,Hartlepool,2026-09-14,0.7753,0.5111,0.3506,0.4274,0.2976,0.275,0.5708,0.4383,False,True,2026-09-14,0.3589,False,True,2026-09-14,2026-09-14,2026-09-16,0.2239,0.2237,0.1232,,,True,,,,
La Liga,La Coruna,Sevilla,2026-09-14,0.7547,0.4699,0.3469,0.5389,0.2596,0.2015,0.5199,0.39,True,True,2026-09-14,0.4183,True,True,2026-09-14,2026-09-14,2026-09-16,0.2707,0.1754,0.0738,2026-09-16T17:00:00+00:00,,True,2026-09-16,2026-09-16,0.6539,
National League,Scunthorpe,Boreham Wood,2026-09-14,0.8707,0.6997,0.3594,0.3408,0.2312,0.4281,0.6535,0.5927,False,True,2026-09-14,0.444,False,True,2026-09-14,2026-09-14,2026-09-16,0.2282,0.1938,0.2314,,,True,,,,
Scottish League One,Ross County,Queen of Sth,2026-09-14,0.7895,0.5899,0.3599,0.4927,0.2765,0.2307,0.5894,0.4613,True,True,2026-09-14,0.3641,True,True,2026-09-14,2026-09-14,2026-09-15,0.2819,0.2051,0.1023,,,True,,,,
Scottish Championship,Queens Park,Ayr,2026-09-14,0.7819,0.4959,0.3492,0.3543,0.3088,0.3369,0.5831,0.4359,False,True,2026-09-14,0.3715,False,True,2026-09-14,2026-09-14,2026-09-18,0.1413,0.2399,0.2019,,,False,2026-09-18,2026-09-18,0.4654,
Bundesliga 2,Greuther Furth,Magdeburg,2026-09-14,0.7808,0.6066,0.3621,0.4092,0.2704,0.3204,0.5809,0.499,False,True,2026-09-14,0.549,False,True,2026-09-14,2026-09-14,2026-09-18,0.2287,0.1907,0.1615,2026-09-18T16:30:00+00:00,,False,2026-09-18,2026-09-18,0.7233,
China Super League,Zhejiang Professional,Wuhan Three Towns,2026-09-14,0.7716,0.6194,0.3604,0.4993,0.2522,0.2486,0.5793,0.5157,False,True,,,,,2026-09-14,,2026-09-18,0.2275,0.1788,0.1729,2026-09-18T11:35:00+00:00,,True,,,,
Premier League,Brentford,Chelsea,2026-09-14,0.772,0.6164,0.3608,0.403,0.2802,0.3167,0.5765,0.523,False,True,2026-09-14,0.4738,False,True,2026-09-14,2026-09-14,2026-09-18,0.233,0.1917,0.1519,2026-09-18T19:00:00+00:00,,False,2026-09-18,2026-09-18,0.69,
Serie A,Monza,Sassuolo,2026-09-14,0.7813,0.6068,0.3621,0.2957,0.2273,0.477,0.5845,0.4839,False,True,2026-09-14,0.4352,False,True,2026-09-14,2026-09-14,2026-09-18,0.1315,0.1817,0.2712,2026-09-18T18:45:00+00:00,,False,2026-09-18,2026-09-18,0.6641,
Ligue 2,Reims,Montpellier,2026-09-14,0.76,0.4784,0.3476,0.4869,0.2842,0.2289,0.5412,0.4143,False,True,2026-09-14,0.4124,False,True,2026-09-14,2026-09-14,2026-09-18,0.2579,0.1887,0.0947,2026-09-18T18:00:00+00:00,,False,2026-09-18,2026-09-18,0.5312,
La Liga,Espanol,Elche,2026-09-14,0.7857,0.5359,0.353,0.433,0.2899,0.2771,0.581,0.4461,False,True,2026-09-14,0.3642,False,True,2026-09-14,2026-09-14,2026-09-18,0.2345,0.2197,0.1268,2026-09-18T19:00:00+00:00,,False,2026-09-18,2026-09-18,0.5886,
Ligue 2,Red Star,Metz,2026-09-14,0.7953,0.5549,0.3549,0.3294,0.2747,0.3959,0.5917,0.454,False,True,2026-09-14,0.445,False,True,2026-09-14,2026-09-14,2026-09-14,0.1543,0.2363,0.2011,2026-09-14T18:45:00+00:00,,True,,,,
Ligue 2,Laval,Sochaux,2026-09-14,0.3001,0.0981,0.0252,0.3887,0.3591,0.2522,0.1722,0.0742,True,True,2026-09-14,0.3424,True,True,2026-09-14,2026-09-14,2026-09-18,0.0415,0.1051,0.0256,2026-09-18T18:00:00+00:00,,False,2026-09-18,2026-09-18,0.1727,
Eredivisie,Groningen,Zwolle,2026-09-14,0.7948,0.5423,0.3537,0.4988,0.2808,0.2204,0.5726,0.4402,False,True,2026-09-14,0.4209,False,True,2026-09-14,2026-09-14,2026-09-18,0.2878,0.1872,0.0976,2026-09-18T18:00:00+00:00,,False,2026-09-18,2026-09-18,0.633,
Bundesliga 2,Wolfsburg,Darmstadt,2026-09-14,0.7789,0.6098,0.3617,0.6392,0.214,0.1468,0.5915,0.4667,True,True,2026-09-14,0.7104,True,True,2026-09-14,2026-09-14,2026-09-18,0.3327,0.1696,0.0891,2026-09-18T16:30:00+00:00,,False,2026-09-18,2026-09-18,0.7519,
Ligue 2,Grenoble,Clermont,2026-09-14,0.4998,0.331,0.0887,0.3876,0.3255,0.2869,0.3206,0.2855,False,True,2026-09-14,0.3407,False,True,2026-09-14,2026-09-14,2026-09-18,0.0912,0.157,0.0724,2026-09-18T18:00:00+00:00,,False,2026-09-18,2026-09-18,0.3997,
Ligue 2,Rodez,Nancy,2026-09-14,0.7997,0.5719,0.3567,0.5774,0.2286,0.194,0.5593,0.4396,False,True,2026-09-14,0.3542,False,True,2026-09-14,2026-09-14,2026-09-18,0.3226,0.1608,0.0758,2026-09-18T18:00:00+00:00,,False,2026-09-18,2026-09-18,0.5657,
Bundesliga,Bayern Munich,Union Berlin,2026-09-14,0.8882,0.7394,0.3666,0.7763,0.1424,0.0812,0.5891,0.4936,False,True,2026-09-14,0.4852,False,True,2026-09-14,2026-09-14,2026-09-18,0.4115,0.122,0.0556,2026-09-18T18:30:00+00:00,,False,2026-09-18,2026-09-18,0.7752,
Ligue 2,Annecy,Dijon,2026-09-14,0.7807,0.5224,0.3517,0.4626,0.2862,0.2512,0.5691,0.4387,True,True,2026-09-14,0.3406,True,True,2026-09-14,2026-09-14,2026-09-18,0.2637,0.1907,0.1147,2026-09-18T18:00:00+00:00,,False,2026-09-18,2026-09-18,0.6379,
National League,Yeovil,Solihull,2026-09-14,0.7974,0.5822,0.3577,0.3944,0.2814,0.3242,0.5888,0.4632,False,True,2026-09-14,0.3597,False,True,2026-09-14,2026-09-14,2026-09-18,0.2057,0.2019,0.1812,,,False,2026-09-18,2026-09-18,0.5386,
National League,Kidderminster,Gateshead,2026-09-14,0.7893,0.5422,0.3537,0.4726,0.2781,0.2492,0.5767,0.4445,False,True,2026-09-14,0.3841,False,True,2026-09-14,2026-09-14,2026-09-16,0.2743,0.1872,0.1152,,,True,,,,
Ligue 1,Monaco,Lens,2026-09-14,0.7812,0.6046,0.3624,0.3321,0.2645,0.4034,0.5812,0.494,False,True,2026-09-14,0.4161,False,True,2026-09-14,2026-09-14,2026-09-18,0.1965,0.2201,0.1646,2026-09-18T18:45:00+00:00,,False,2026-09-18,2026-09-18,0.6705,
La Liga,Malaga,Villarreal,2026-09-14,0.7405,0.4417,0.3444,0.2908,0.266,0.4432,0.5289,0.3922,True,True,2026-09-14,0.5007,True,True,2026-09-14,2026-09-14,2026-09-17,0.0987,0.1938,0.2364,2026-09-17T19:30:00+00:00,,True,2026-09-17,2026-09-17,0.5462,
Serie A,Torino,Roma,2026-09-14,0.7926,0.5902,0.36,0.2897,0.2334,0.4769,0.5908,0.4617,False,True,2026-09-14,0.3636,False,True,2026-09-14,2026-09-14,2026-09-14,0.124,0.1943,0.2725,2026-09-14T16:30:00+00:00,,True,,,,
Mexico Liga MX,Santos Laguna,Juarez,2026-09-14,0.7189,0.3968,0.3402,0.406,0.316,0.278,0.5212,0.3635,False,True,,,,,2026-09-14,,2026-09-14,0.1551,0.2547,0.1113,,,True,,,,
Premier League,Leeds,Newcastle,2026-09-14,0.7762,0.4978,0.3494,0.4153,0.3075,0.2773,0.5733,0.4347,False,True,2026-09-14,0.3413,False,True,2026-09-14,2026-09-14,2026-09-14,0.2111,0.238,0.1242,2026-09-14T19:00:00+00:00,,True,,,,
Mexico Liga MX,Guadalajara Chivas,UNAM Pumas,2026-09-14,0.7977,0.5704,0.3565,0.4722,0.285,0.2427,0.5921,0.4531,False,True,,,,,2026-09-14,,2026-09-14,0.2684,0.2148,0.1089,,,True,,,,
Serie B,Juve Stabia,Cesena,2026-09-14,0.7559,0.4563,0.3457,0.5048,0.2885,0.2067,0.5288,0.3874,False,True,2026-09-14,0.352,False,True,2026-09-14,2026-09-14,2026-09-18,0.2553,0.1945,0.079,2026-09-18T18:30:00+00:00,,False,2026-09-18,2026-09-18,0.4352,
Serie A,Inter,Udinese,2026-09-14,0.781,0.6074,0.362,0.6918,0.1933,0.1149,0.568,0.4526,False,True,2026-09-14,0.3648,False,True,2026-09-14,2026-09-14,2026-09-14,0.3437,0.1557,0.0686,2026-09-14T18:45:00+00:00,,True,,,,
Serie A,Udinese,Cagliari,2026-09-18,0.7892,0.5375,0.342,0.4672,0.2719,0.2609,0.5828,0.4473,False,True,2026-09-18,0.3615,False,True,2026-09-18,2026-09-18,2026-09-19,0.261,0.1859,0.1358,2026-09-19T13:00:00+00:00,0.7259,False,2026-09-18,2026-09-18,0.553,
Serie B,Ascoli,Avellino,2026-09-18,0.7254,0.4318,0.3203,0.5079,0.304,0.1882,0.5018,0.3351,False,True,2026-09-18,0.3668,False,True,2026-09-18,2026-09-18,2026-09-19,0.2076,0.2127,0.0815,2026-09-19T17:30:00+00:00,0.5214,False,2026-09-18,2026-09-18,0.3756,
Serie A,Venezia,Lazio,2026-09-18,0.7916,0.5414,0.3431,0.3014,0.251,0.4476,0.5896,0.4504,False,True,2026-09-18,0.3587,False,True,2026-09-18,2026-09-18,2026-09-19,0.1621,0.2073,0.2202,2026-09-19T18:45:00+00:00,0.6397,False,2026-09-18,2026-09-18,0.5345,
Jupiler League,Lommel SK,Mechelen,2026-09-18,0.7689,0.5028,0.3334,0.4042,0.3002,0.2956,0.5651,0.4348,True,True,2026-09-18,0.3591,True,True,2026-09-18,2026-09-18,2026-09-19,0.209,0.2124,0.1437,2026-09-19T18:45:00+00:00,0.6372,False,2026-09-18,2026-09-18,0.4641,
La Liga,Sevilla,Barcelona,2026-09-18,0.9249,0.9047,0.3903,0.2774,0.147,0.5757,0.7054,0.6548,False,True,2026-09-18,0.4529,False,True,2026-09-18,2026-09-18,2026-09-19,0.1361,0.1472,0.4221,2026-09-19T19:00:00+00:00,0.8251,False,2026-09-18,2026-09-18,0.7219,
Serie B,Carrarese,Benevento,2026-09-18,0.7387,0.4591,0.3236,0.4428,0.3139,0.2433,0.528,0.3762,True,True,2026-09-18,0.3702,True,True,2026-09-18,2026-09-18,2026-09-19,0.1945,0.2208,0.1128,2026-09-19T13:00:00+00:00,0.4643,False,2026-09-18,2026-09-18,0.3823,
Brazil Serie A,Remo,Santos,2026-09-18,0.7896,0.5851,0.3517,0.3553,0.2681,0.3766,0.5895,0.4889,False,True,,,,,2026-09-18,,2026-09-19,0.2074,0.2067,0.1753,2026-09-19T21:30:00+00:00,,True,,,,
La Liga 2,Andorra,Sp Gijon,2026-09-18,0.7796,0.6711,0.3561,0.5296,0.219,0.2514,0.5886,0.5793,False,True,2026-09-18,0.3532,False,True,2026-09-18,2026-09-18,2026-09-19,0.2739,0.1614,0.1534,2026-09-19T14:15:00+00:00,0.6794,False,2026-09-18,2026-09-18,0.5609,
La Liga,Osasuna,Vallecano,2026-09-18,0.7957,0.5608,0.3475,0.3767,0.2673,0.356,0.5902,0.4586,False,True,2026-09-18,0.3526,False,True,2026-09-18,2026-09-18,2026-09-19,0.2161,0.1993,0.1748,2026-09-19T12:00:00+00:00,0.6928,False,2026-09-18,2026-09-18,0.5188,
Isthmian League,Maldon & Tiptree,Carshalton Athletic,2026-09-18,0.8976,0.8246,0.3761,0.4291,0.2054,0.3655,0.7439,0.6581,True,True,2026-09-18,0.4967,True,True,2026-09-18,2026-09-18,2026-09-19,0.2995,0.1984,0.246,,0.8447,True,2026-09-18,2026-09-18,0.6668,
Argentina Primera Division,Gimnasia Mendoza,Dep. Riestra,2026-09-18,0.7639,0.4921,0.3309,0.5086,0.2916,0.1999,0.5438,0.4137,False,True,,,,,2026-09-18,,2026-09-19,0.2512,0.1971,0.0955,2026-09-19T17:30:00+00:00,,True,,,,
La Liga,Ath Bilbao,Alaves,2026-09-18,0.7806,0.654,0.3556,0.5606,0.2134,0.226,0.589,0.5544,False,True,2026-09-18,0.3542,False,True,2026-09-18,2026-09-18,2026-09-19,0.2847,0.1593,0.145,2026-09-19T14:15:00+00:00,0.6778,False,2026-09-18,2026-09-18,0.5698,
Eredivisie,Willem II,For Sittard,2026-09-18,0.7977,0.5398,0.3427,0.3196,0.2841,0.3963,0.5905,0.4507,False,True,2026-09-18,0.3533,False,True,2026-09-18,2026-09-18,2026-09-19,0.1723,0.2365,0.1817,2026-09-19T19:00:00+00:00,0.6958,False,2026-09-18,2026-09-18,0.5808,
League Two,Barnet,Fleetwood Town,2026-09-18,0.7856,0.6108,0.3535,0.5361,0.2294,0.2345,0.5895,0.5082,False,True,2026-09-18,0.3819,False,True,2026-09-18,2026-09-18,2026-09-19,0.2716,0.1685,0.1495,2026-09-19T14:00:00+00:00,0.7468,False,2026-09-18,2026-09-18,0.5929,
Jupiler League,Oud-Heverlee Leuven,RAAL La Louviere,2026-09-18,0.7402,0.464,0.3246,0.4167,0.311,0.2723,0.533,0.389,False,True,2026-09-18,0.3601,False,True,2026-09-18,2026-09-18,2026-09-19,0.1865,0.2177,0.1288,2026-09-19T14:00:00+00:00,0.6246,False,2026-09-18,2026-09-18,0.4434,
League One,Wigan,Wycombe,2026-09-18,0.7886,0.5339,0.3411,0.3702,0.2852,0.3445,0.589,0.4484,False,True,2026-09-18,0.3531,False,True,2026-09-18,2026-09-18,2026-09-19,0.2061,0.2089,0.174,2026-09-19T14:00:00+00:00,0.7114,False,2026-09-18,2026-09-18,0.5349,
League Two,Accrington,Newport County,2026-09-18,0.7966,0.5564,0.3465,0.5596,0.238,0.2024,0.5818,0.4489,False,True,2026-09-18,0.3715,False,True,2026-09-18,2026-09-18,2026-09-19,0.3045,0.1713,0.106,2026-09-19T14:00:00+00:00,0.7297,False,2026-09-18,2026-09-18,0.5806,
La Liga,Celta,Santander,2026-09-18,0.776,0.5164,0.3367,0.4366,0.291,0.2724,0.5702,0.4396,True,True,2026-09-18,0.4082,True,True,2026-09-18,2026-09-18,2026-09-19,0.237,0.1942,0.139,2026-09-19T16:30:00+00:00,0.7849,False,2026-09-18,2026-09-18,0.609,
Argentina Primera Division,Gimnasia L.P.,Banfield,2026-09-18,0.7961,0.5495,0.345,0.5233,0.271,0.2057,0.5869,0.4481,False,True,,,,,2026-09-18,,2026-09-19,0.2902,0.1862,0.1105,2026-09-19T17:30:00+00:00,,True,,,,
Serie A,Roma,Inter,2026-09-18,0.9475,0.9475,0.6814,0.3421,0.1807,0.4772,0.9245,0.7596,False,True,2026-09-18,0.458,False,True,2026-09-18,2026-09-18,2026-09-19,0.3248,0.2067,0.3929,2026-09-19T16:00:00+00:00,0.8394,False,2026-09-18,2026-09-18,0.7169,
USA MLS,New York City,New York City,2026-09-18,0.7968,0.5503,0.3452,0.4368,0.2872,0.276,0.5905,0.4535,False,True,,,,,2026-09-18,,2026-09-19,0.2366,0.2004,0.1535,2026-09-18T23:30:00+00:00,,True,,,,
League One,Sheffield Wed,Stockport,2026-09-18,0.8899,0.7852,0.3696,0.5093,0.2167,0.2741,0.6889,0.6747,True,True,2026-09-18,0.6286,True,True,2026-09-18,2026-09-18,2026-09-19,0.3152,0.1892,0.1846,2026-09-19T14:00:00+00:00,0.9218,False,2026-09-18,2026-09-18,0.786,
League One,Reading,Notts County,2026-09-18,0.7854,0.6097,0.3534,0.4923,0.2461,0.2616,0.5893,0.5186,True,True,2026-09-18,0.426,True,True,2026-09-18,2026-09-18,2026-09-19,0.2507,0.1829,0.1557,2026-09-19T14:00:00+00:00,0.8132,False,2026-09-18,2026-09-18,0.6812,
Serie B,Cremonese,Virtus Entella,2026-09-18,0.7856,0.6025,0.3529,0.5444,0.244,0.2116,0.5897,0.4838,False,True,2026-09-18,0.3572,False,True,2026-09-18,2026-09-18,2026-09-19,0.2819,0.1832,0.1246,2026-09-19T13:00:00+00:00,0.7037,False,2026-09-18,2026-09-18,0.5576,
League Two,Chesterfield,York,2026-09-18,0.8924,0.7974,0.3716,0.4081,0.2166,0.3753,0.7263,0.6989,True,True,2026-09-18,0.5369,True,True,2026-09-18,2026-09-18,2026-09-19,0.2767,0.2074,0.2423,2026-09-19T14:00:00+00:00,0.8817,False,2026-09-18,2026-09-18,0.742,
Jupiler League,Anderlecht,Waregem,2026-09-18,0.7772,0.6932,0.3567,0.3877,0.2392,0.3731,0.6305,0.6192,False,True,2026-09-18,0.4351,False,True,2026-09-18,2026-09-18,2026-09-19,0.2515,0.196,0.1831,2026-09-19T18:45:00+00:00,0.8223,False,2026-09-18,2026-09-18,0.6291,
League One,Barnsley,Leicester,2026-09-18,0.8682,0.72,0.3593,0.4144,0.232,0.3536,0.6499,0.6381,True,True,2026-09-18,0.5817,True,True,2026-09-18,2026-09-18,2026-09-19,0.251,0.204,0.195,2026-09-19T11:30:00+00:00,0.9148,False,2026-09-18,2026-09-18,0.8147,
League One,Blackpool,Plymouth,2026-09-18,0.7869,0.6022,0.3529,0.408,0.2566,0.3354,0.5892,0.5189,False,True,2026-09-18,0.3975,False,True,2026-09-18,2026-09-18,2026-09-19,0.2347,0.1904,0.1641,2026-09-19T14:00:00+00:00,0.7883,False,2026-09-18,2026-09-18,0.6428,
League One,Bromley,Huddersfield,2026-09-18,0.7858,0.6078,0.3533,0.2777,0.2049,0.5174,0.5898,0.4883,True,True,2026-09-18,0.3921,True,True,2026-09-18,2026-09-18,2026-09-19,0.1228,0.1726,0.2944,2026-09-19T14:00:00+00:00,0.7792,False,2026-09-18,2026-09-18,0.7116,
League One,Luton,Bradford,2026-09-18,0.791,0.5812,0.3514,0.3911,0.2648,0.344,0.5897,0.4803,False,True,2026-09-18,0.3949,False,True,2026-09-18,2026-09-18,2026-09-19,0.2239,0.1976,0.1682,2026-09-19T14:00:00+00:00,0.7845,False,2026-09-18,2026-09-18,0.5792,
Brazil Serie A,Mirassol,Botafogo RJ,2026-09-18,0.7925,0.571,0.3498,0.4255,0.2787,0.2957,0.5899,0.4612,False,True,,,,,2026-09-18,,2026-09-19,0.2344,0.1995,0.156,2026-09-19T20:00:00+00:00,,True,,,,
League One,Burton,Mansfield,2026-09-18,0.7952,0.5444,0.3439,0.3379,0.2768,0.3853,0.5906,0.4529,False,True,2026-09-18,0.3581,False,True,2026-09-18,2026-09-18,2026-09-19,0.1954,0.2107,0.1845,2026-09-19T11:30:00+00:00,0.721,False,2026-09-18,2026-09-18,0.5422,
League One,Leyton Orient,Stevenage,2026-09-18,0.7629,0.4961,0.3318,0.4491,0.2963,0.2546,0.5536,0.4303,False,True,2026-09-18,0.3568,False,True,2026-09-18,2026-09-18,2026-09-19,0.2316,0.1982,0.1238,2026-09-19T14:00:00+00:00,0.6621,False,2026-09-18,2026-09-18,0.4872,
League One,Oxford,Cambridge,2026-09-18,0.8871,0.7774,0.3683,0.7104,0.1617,0.1279,0.5893,0.5589,False,True,2026-09-18,0.354,False,True,2026-09-18,2026-09-18,2026-09-19,0.3725,0.133,0.0838,2026-09-19T14:00:00+00:00,0.6906,False,2026-09-18,2026-09-18,0.6639,
Austria Bundesliga,A. Lustenau,Altach,2026-09-18,0.7568,0.4815,0.3284,0.3451,0.3096,0.3454,0.5543,0.4214,False,True,,,,,2026-09-18,,2026-09-19,0.1533,0.2312,0.1698,2026-09-19T15:00:00+00:00,,True,,,,
La Liga 2,Cadiz,Girona,2026-09-18,0.7793,0.6756,0.3562,0.2943,0.2017,0.504,0.5885,0.5843,True,True,2026-09-18,0.4277,True,True,2026-09-18,2026-09-18,2026-09-19,0.1607,0.1601,0.2678,2026-09-19T19:00:00+00:00,0.7947,False,2026-09-18,2026-09-18,0.7031,
Switzerland Super League,Young Boys,Servette,2026-09-18,0.9083,0.8437,0.3794,0.5896,0.1874,0.223,0.7033,0.6968,False,True,,,,,2026-09-18,,2026-09-19,0.3679,0.1672,0.1681,2026-09-19T16:00:00+00:00,,True,,,,
La Liga 2,Castellon,Tenerife,2026-09-18,0.7903,0.5882,0.3519,0.6382,0.1959,0.1659,0.583,0.4529,False,True,2026-09-18,0.3584,False,True,2026-09-18,2026-09-18,2026-09-19,0.3219,0.1666,0.0945,2026-09-19T16:30:00+00:00,0.6267,False,2026-09-18,2026-09-18,0.4638,
Switzerland Super League,Sion,Zurich,2026-09-18,0.7844,0.6152,0.3538,0.6113,0.205,0.1837,0.59,0.4817,False,True,,,,,2026-09-18,,2026-09-19,0.3151,0.1663,0.1086,2026-09-19T16:00:00+00:00,,True,,,,
La Liga 2,Eldense,Eibar,2026-09-18,0.7477,0.4777,0.3276,0.3431,0.2948,0.3621,0.5438,0.4153,False,True,2026-09-18,0.3638,False,True,2026-09-18,2026-09-18,2026-09-19,0.1655,0.2119,0.1665,2026-09-19T16:30:00+00:00,0.561,False,2026-09-18,2026-09-18,0.3779,
Argentina Primera Division,Union de Santa Fe,Independiente,2026-09-18,0.784,0.6092,0.3534,0.4178,0.2728,0.3093,0.5889,0.5304,False,True,,,,,2026-09-18,,2026-09-19,0.2348,0.1998,0.1542,2026-09-19T19:45:00+00:00,,True,,,,
Switzerland Super League,Luzern,Grasshoppers,2026-09-18,0.8659,0.713,0.3582,0.5349,0.2184,0.2467,0.597,0.597,False,True,,,,,2026-09-18,,2026-09-19,0.2809,0.1637,0.1524,2026-09-19T16:00:00+00:00,,True,,,,
Serie B,Palermo,Padova,2026-09-18,0.7889,0.5296,0.34,0.5425,0.2696,0.1879,0.5665,0.4382,False,True,2026-09-18,0.3628,False,True,2026-09-18,2026-09-18,2026-09-19,0.2864,0.1835,0.0966,2026-09-19T13:00:00+00:00,0.7159,False,2026-09-18,2026-09-18,0.508,
Isthmian League,Cheshunt,Lewes,2026-09-18,0.7947,0.5701,0.3496,0.4119,0.2535,0.3346,0.5901,0.4614,False,True,2026-09-18,0.3696,False,True,2026-09-18,2026-09-18,2026-09-19,0.2363,0.1833,0.1704,,0.7149,True,2026-09-18,2026-09-18,0.5162,
Jupiler League,Charleroi,Cercle Brugge,2026-09-18,0.8725,0.7276,0.3605,0.5558,0.2134,0.2308,0.6007,0.6007,False,True,2026-09-18,0.4241,False,True,2026-09-18,2026-09-18,2026-09-19,0.2934,0.1589,0.1484,2026-09-19T16:15:00+00:00,0.8128,False,2026-09-18,2026-09-18,0.6236,
Serie B,Sampdoria,Catanzaro,2026-09-18,0.7925,0.5672,0.349,0.3375,0.2818,0.3807,0.5898,0.4609,False,True,2026-09-18,0.3552,False,True,2026-09-18,2026-09-18,2026-09-19,0.1941,0.2196,0.1761,2026-09-19T15:15:00+00:00,0.6636,False,2026-09-18,2026-09-18,0.5234,
League One,Peterboro,Doncaster,2026-09-18,0.7794,0.6665,0.3559,0.5451,0.2204,0.2345,0.5887,0.5691,False,True,2026-09-18,0.3593,False,True,2026-09-18,2026-09-18,2026-09-19,0.2798,0.1611,0.1478,2026-09-19T14:00:00+00:00,0.723,False,2026-09-18,2026-09-18,0.6255,
La Liga 2,Sociedad B,Mallorca,2026-09-18,0.7878,0.6009,0.3528,0.3832,0.2475,0.3693,0.5892,0.5183,True,True,2026-09-18,0.4004,True,True,2026-09-18,2026-09-18,2026-09-19,0.2262,0.1882,0.1748,2026-09-19T12:00:00+00:00,0.7712,False,2026-09-18,2026-09-18,0.5886,
Serie A,Bologna,Torino,2026-09-18,0.7977,0.5529,0.3458,0.449,0.2695,0.2816,0.5906,0.4543,False,True,2026-09-18,0.3584,False,True,2026-09-18,2026-09-18,2026-09-19,0.2477,0.1843,0.1586,2026-09-19T13:00:00+00:00,0.6437,False,2026-09-18,2026-09-18,0.5259,
Ligue 1,Toulouse,Le Havre,2026-09-18,0.7959,0.5541,0.346,0.561,0.2488,0.1902,0.5812,0.4472,False,True,2026-09-18,0.3638,False,True,2026-09-18,2026-09-18,2026-09-19,0.3052,0.1753,0.1006,2026-09-19T18:45:00+00:00,0.7261,False,2026-09-18,2026-09-18,0.5102,
Ligue 2,Boulogne,Nantes,2026-09-18,0.7957,0.5594,0.3472,0.3946,0.2735,0.3319,0.5902,0.4578,True,True,2026-09-18,0.3839,True,True,2026-09-18,2026-09-18,2026-09-19,0.2222,0.2003,0.1677,2026-09-19T12:00:00+00:00,0.7494,False,2026-09-18,2026-09-18,0.6282,
Ligue 2,Guingamp,Red Star,2026-09-18,0.7852,0.6112,0.3535,0.4318,0.2522,0.316,0.589,0.5336,False,True,2026-09-18,0.4015,False,True,2026-09-18,2026-09-18,2026-09-19,0.2468,0.1834,0.1588,2026-09-19T12:00:00+00:00,0.7746,False,2026-09-18,2026-09-18,0.6202,
Ligue 2,Metz,St Etienne,2026-09-18,0.8657,0.7138,0.3583,0.3982,0.2311,0.3707,0.6451,0.6345,False,True,2026-09-18,0.4742,False,True,2026-09-18,2026-09-18,2026-09-19,0.242,0.2043,0.1987,2026-09-19T18:00:00+00:00,0.8365,False,2026-09-18,2026-09-18,0.6883,
Championship,Wrexham,Southampton,2026-09-18,0.8856,0.7579,0.3652,0.3065,0.2182,0.4753,0.6877,0.6615,False,True,2026-09-18,0.3959,False,True,2026-09-18,2026-09-18,2026-09-19,0.2172,0.1981,0.2724,2026-09-19T14:00:00+00:00,0.7858,False,2026-09-18,2026-09-18,0.6935,
Championship,Birmingham,Middlesbrough,2026-09-18,0.7836,0.6139,0.3537,0.4118,0.2657,0.3225,0.5888,0.5404,False,True,2026-09-18,0.4373,False,True,2026-09-18,2026-09-18,2026-09-19,0.2346,0.1964,0.1578,2026-09-19T14:00:00+00:00,0.8236,False,2026-09-18,2026-09-18,0.5622,
Ligue 1,Paris FC,Strasbourg,2026-09-18,0.8659,0.7025,0.357,0.3535,0.239,0.4076,0.6447,0.6267,False,True,2026-09-18,0.3795,False,True,2026-09-18,2026-09-18,2026-09-19,0.2333,0.1992,0.2122,2026-09-19T15:15:00+00:00,0.7536,False,2026-09-18,2026-09-18,0.6297,
Ligue 1,Lyon,Rennes,2026-09-18,0.8755,0.731,0.361,0.407,0.2386,0.3543,0.6699,0.6468,False,True,2026-09-18,0.418,False,True,2026-09-18,2026-09-18,2026-09-19,0.2539,0.2165,0.1995,2026-09-19T18:45:00+00:00,0.8013,False,2026-09-18,2026-09-18,0.6666,
Poland Ekstraklasa,Korona Kielce,Rakow,2026-09-18,0.7728,0.5017,0.3331,0.3195,0.2922,0.3884,0.5708,0.4348,False,True,,,,,2026-09-18,,2026-09-19,0.1448,0.2438,0.1822,2026-09-19T12:45:00+00:00,,True,,,,
Poland Ekstraklasa,GKS Katowice,Cracovia,2026-09-18,0.7788,0.6499,0.3554,0.6097,0.2152,0.1751,0.5894,0.5193,False,True,,,,,2026-09-18,,2026-09-19,0.317,0.1655,0.1069,2026-09-19T15:30:00+00:00,,True,,,,
Bundesliga 2,Karlsruhe,Nurnberg,2026-09-18,0.8959,0.809,0.3735,0.3215,0.2053,0.4732,0.7332,0.7056,False,True,2026-09-18,0.4265,False,True,2026-09-18,2026-09-18,2026-09-19,0.2568,0.1937,0.2828,2026-09-19T11:00:00+00:00,0.7987,False,2026-09-18,2026-09-18,0.6816,
Ligi 1,Buyuksehyr,Genclerbirligi,2026-09-18,0.7894,0.584,0.3516,0.5663,0.24,0.1937,0.5904,0.4576,False,True,2026-09-18,0.3738,False,True,2026-09-18,2026-09-18,2026-09-19,0.2927,0.1834,0.1143,2026-09-19T17:00:00+00:00,0.7485,False,2026-09-18,2026-09-18,0.5684,
Ligi 1,Corum,Alanyaspor,2026-09-18,0.9214,0.8764,0.3852,0.6079,0.1841,0.208,0.7297,0.655,True,True,2026-09-18,0.5213,True,True,2026-09-18,2026-09-18,2026-09-19,0.3938,0.1687,0.1672,2026-09-19T14:00:00+00:00,0.8871,False,2026-09-18,2026-09-18,0.8109,
Mexico Liga MX,Juarez,Tigres UANL,2026-09-18,0.7943,0.5607,0.3475,0.277,0.239,0.4841,0.5906,0.4532,False,True,,,,,2026-09-18,,2026-09-19,0.1275,0.1982,0.265,2026-09-19T03:00:00+00:00,,True,,,,
Norway Eliteserien,Molde,Aalesund,2026-09-18,0.9127,0.8605,0.3823,0.6645,0.1584,0.1771,0.6482,0.6482,False,True,,,,,2026-09-18,,2026-09-19,0.3842,0.1448,0.1192,2026-09-19T16:00:00+00:00,,True,,,,
Ligi 1,Trabzonspor,Galatasaray,2026-09-18,0.9048,0.8188,0.3752,0.3685,0.2242,0.4073,0.7631,0.6564,False,True,2026-09-18,0.4351,False,True,2026-09-18,2026-09-18,2026-09-19,0.268,0.2235,0.2715,2026-09-19T17:00:00+00:00,0.8219,False,2026-09-18,2026-09-18,0.6997,
Ligue 1,Angers,Troyes,2026-09-18,0.7746,0.5095,0.335,0.364,0.297,0.3389,0.5732,0.4382,True,True,2026-09-18,0.3598,True,True,2026-09-18,2026-09-18,2026-09-19,0.1868,0.2183,0.1681,2026-09-19T18:45:00+00:00,0.7185,False,2026-09-18,2026-09-18,0.5158,
Northern Premier League,Stockton Town,Bamber Bridge,2026-09-18,0.7792,0.6691,0.356,0.4883,0.2362,0.2754,0.5884,0.5877,False,True,2026-09-18,0.3547,False,True,2026-09-18,2026-09-18,2026-09-19,0.2528,0.1775,0.1581,,0.6799,True,2026-09-18,2026-09-18,0.5614,
Ligue 1,Le Mans,Lorient,2026-09-18,0.786,0.5266,0.3392,0.4096,0.2962,0.2943,0.5842,0.4446,True,True,2026-09-18,0.4246,True,True,2026-09-18,2026-09-18,2026-09-19,0.2141,0.2117,0.1584,2026-09-19T18:45:00+00:00,0.8072,False,2026-09-18,2026-09-18,0.6025,
Norway Eliteserien,Kristiansund,Rosenborg,2026-09-18,0.792,0.5773,0.3511,0.2928,0.2345,0.4727,0.59,0.4618,False,True,,,,,2026-09-18,,2026-09-19,0.1491,0.1956,0.2453,2026-09-19T14:00:00+00:00,,True,,,,
Denmark Superliga,Odense,Midtjylland,2026-09-18,0.7781,0.6669,0.3559,0.2942,0.2261,0.4797,0.5883,0.5851,False,True,,,,,2026-09-18,,2026-09-19,0.1633,0.1839,0.2411,2026-09-19T16:00:00+00:00,,True,,,,
Championship,Burnley,Derby,2026-09-18,0.7766,0.5114,0.3354,0.4659,0.2957,0.2385,0.5661,0.4357,False,True,2026-09-18,0.3553,False,True,2026-09-18,2026-09-18,2026-09-19,0.2452,0.2026,0.1183,2026-09-19T14:00:00+00:00,0.6778,False,2026-09-18,2026-09-18,0.4854,
National League,Woking,Kidderminster,2026-09-18,0.7709,0.5094,0.335,0.3294,0.2838,0.3868,0.5688,0.4382,False,True,2026-09-18,0.3563,False,True,2026-09-18,2026-09-18,2026-09-19,0.1686,0.2079,0.1923,,0.6596,False,2026-09-18,2026-09-18,0.4011,
Championship,QPR,Preston,2026-09-18,0.7814,0.6255,0.3546,0.4984,0.2496,0.2519,0.5888,0.5464,False,True,2026-09-18,0.4091,False,True,2026-09-18,2026-09-18,2026-09-19,0.2522,0.1868,0.1497,2026-09-19T14:00:00+00:00,0.7988,False,2026-09-18,2026-09-18,0.606,
National League,Tamworth,Wealdstone,2026-09-18,0.8903,0.7928,0.3708,0.4548,0.2168,0.3284,0.7109,0.6904,False,True,2026-09-18,0.393,False,True,2026-09-18,2026-09-18,2026-09-19,0.3025,0.2017,0.2068,,0.7728,False,2026-09-18,2026-09-18,0.6498,
Championship,Millwall,West Ham,2026-09-18,0.9033,0.8138,0.3743,0.3111,0.2122,0.4767,0.7464,0.7068,True,True,2026-09-18,0.4877,True,True,2026-09-18,2026-09-18,2026-09-19,0.2474,0.2024,0.2967,2026-09-19T11:30:00+00:00,0.8635,False,2026-09-18,2026-09-18,0.7748,
National League,Hartlepool,Worthing,2026-09-18,0.7842,0.6189,0.3541,0.3355,0.2365,0.428,0.5888,0.5522,True,True,2026-09-18,0.3627,True,True,2026-09-18,2026-09-18,2026-09-19,0.2086,0.1886,0.1916,,0.5845,False,2026-09-18,2026-09-18,0.505,
Championship,Portsmouth,Blackburn,2026-09-18,0.7733,0.5066,0.3343,0.4319,0.3017,0.2664,0.5675,0.4354,False,True,2026-09-18,0.3551,False,True,2026-09-18,2026-09-18,2026-09-19,0.2222,0.2152,0.1301,2026-09-19T14:00:00+00:00,0.6804,False,2026-09-18,2026-09-18,0.4857,
National League,Hornchurch,Scunthorpe,2026-09-18,0.7816,0.6415,0.3552,0.4129,0.2378,0.3493,0.5885,0.5787,True,True,2026-09-18,0.3828,True,True,2026-09-18,2026-09-18,2026-09-19,0.2442,0.1777,0.1666,,0.756,False,2026-09-18,2026-09-18,0.5906,
National League,Halifax,Sutton,2026-09-18,0.7898,0.59,0.352,0.5559,0.2277,0.2164,0.5902,0.4616,False,True,2026-09-18,0.3576,False,True,2026-09-18,2026-09-18,2026-09-19,0.2872,0.1775,0.1256,,0.6462,False,2026-09-18,2026-09-18,0.5107,
National League,Gateshead,Southend,2026-09-18,0.7816,0.6404,0.3551,0.2742,0.1815,0.5442,0.5896,0.5171,False,True,2026-09-18,0.3591,False,True,2026-09-18,2026-09-18,2026-09-19,0.1119,0.1593,0.3185,,0.7145,False,2026-09-18,2026-09-18,0.5828,
Championship,Cardiff,Charlton,2026-09-18,0.7483,0.4721,0.3264,0.4357,0.3102,0.2541,0.5394,0.3986,False,True,2026-09-18,0.3584,False,True,2026-09-18,2026-09-18,2026-09-19,0.1981,0.2189,0.1224,2026-09-19T11:30:00+00:00,0.6438,False,2026-09-18,2026-09-18,0.4343,
National League,Barrow,Aldershot,2026-09-18,0.7823,0.6315,0.3549,0.4725,0.239,0.2886,0.5887,0.5629,True,True,2026-09-18,0.3814,True,True,2026-09-18,2026-09-18,2026-09-19,0.2459,0.1798,0.1631,,0.7546,False,2026-09-18,2026-09-18,0.6251,
Mexico Liga MX,Puebla,Atlante,2026-09-18,0.7696,0.5017,0.3331,0.3409,0.2976,0.3615,0.5679,0.4351,True,True,,,,,2026-09-18,,2026-09-19,0.1627,0.2275,0.1777,2026-09-19T01:00:00+00:00,,True,,,,
Championship,Stoke,Sheffield United,2026-09-18,0.7922,0.5349,0.3414,0.3301,0.2873,0.3826,0.5907,0.4489,False,True,2026-09-18,0.3591,False,True,2026-09-18,2026-09-18,2026-09-19,0.1841,0.2265,0.1801,2026-09-19T11:30:00+00:00,0.7225,False,2026-09-18,2026-09-18,0.5113,
National League,Eastleigh,Carlisle,2026-09-18,0.7772,0.7059,0.3571,0.286,0.1891,0.525,0.5885,0.5885,False,True,2026-09-18,0.3647,False,True,2026-09-18,2026-09-18,2026-09-19,0.1341,0.1567,0.2977,,0.7247,False,2026-09-18,2026-09-18,0.608,
National League,Forest Green,Boston Utd,2026-09-18,0.7857,0.6109,0.3535,0.5913,0.2094,0.1994,0.59,0.4854,False,True,2026-09-18,0.3525,False,True,2026-09-18,2026-09-18,2026-09-19,0.3049,0.1681,0.117,,0.6976,False,2026-09-18,2026-09-18,0.5581,
National League,Fylde,Altrincham,2026-09-18,0.8657,0.7196,0.3592,0.5428,0.2109,0.2463,0.5959,0.5959,False,True,2026-09-18,0.3946,False,True,2026-09-18,2026-09-18,2026-09-19,0.2855,0.1575,0.1528,,0.7753,False,2026-09-18,2026-09-18,0.6316,
National League,Boreham Wood,Harrogate,2026-09-18,0.9208,0.8918,0.3879,0.5523,0.1896,0.2581,0.7808,0.6827,True,True,2026-09-18,0.4484,True,True,2026-09-18,2026-09-18,2026-09-19,0.3932,0.1845,0.2032,,0.8252,False,2026-09-18,2026-09-18,0.7518,
League Two,Colchester,Cheltenham,2026-09-18,0.7853,0.6121,0.3536,0.4502,0.2486,0.3012,0.5891,0.5327,False,True,2026-09-18,0.3722,False,True,2026-09-18,2026-09-18,2026-09-19,0.2342,0.1889,0.166,2026-09-19T14:00:00+00:00,0.7301,False,2026-09-18,2026-09-18,0.5991,
Bundesliga 2,Kaiserslautern,Braunschweig,2026-09-18,0.7808,0.6512,0.3555,0.4064,0.2374,0.3562,0.5883,0.5866,False,True,2026-09-18,0.4613,False,True,2026-09-18,2026-09-18,2026-09-19,0.2417,0.1786,0.168,2026-09-19T11:00:00+00:00,0.8284,False,2026-09-18,2026-09-18,0.6674,
Liga I,Sp Lisbon,Arouca,2026-09-18,0.898,0.8194,0.3752,0.7834,0.1338,0.0828,0.5846,0.4726,False,True,2026-09-18,0.5065,False,True,2026-09-18,2026-09-18,2026-09-19,0.4287,0.1059,0.0501,2026-09-19T19:30:00+00:00,0.8518,False,2026-09-18,2026-09-18,0.7471,
Scottish League Two,Stirling,Clyde,2026-09-18,0.9011,0.8155,0.3746,0.2916,0.1889,0.5195,0.6988,0.6855,False,True,2026-09-18,0.3887,False,True,2026-09-18,2026-09-18,2026-09-19,0.188,0.1718,0.3391,,0.7866,False,2026-09-18,2026-09-18,0.684,
Scottish League Two,Kelty Hearts,Edinburgh City,2026-09-18,0.9288,0.9092,0.3912,0.4647,0.2077,0.3276,0.8375,0.7057,True,True,2026-09-18,0.4444,True,True,2026-09-18,2026-09-18,2026-09-19,0.3631,0.2144,0.26,,0.8441,False,2026-09-18,2026-09-18,0.7697,
Bundesliga,M'gladbach,Mainz,2026-09-18,0.9202,0.8729,0.3846,0.5176,0.2105,0.2719,0.7853,0.6764,False,True,2026-09-18,0.4216,False,True,2026-09-18,2026-09-18,2026-09-19,0.371,0.2057,0.2087,2026-09-19T13:30:00+00:00,0.8151,False,2026-09-18,2026-09-18,0.596,
Scottish League Two,Forfar,Annan Athletic,2026-09-18,0.7962,0.5441,0.3438,0.4489,0.2855,0.2655,0.5907,0.4507,False,True,2026-09-18,0.3563,False,True,2026-09-18,2026-09-18,2026-09-19,0.2433,0.1958,0.1516,,0.6802,False,2026-09-18,2026-09-18,0.4713,
Scottish League Two,Elgin,Stranraer,2026-09-18,0.7924,0.5722,0.3501,0.4546,0.2735,0.2718,0.59,0.4605,False,True,2026-09-18,0.3549,False,True,2026-09-18,2026-09-18,2026-09-19,0.2494,0.1906,0.1501,,0.6962,False,2026-09-18,2026-09-18,0.5121,
Scottish League Two,Dumbarton,Spartans,2026-09-18,0.7793,0.6621,0.3558,0.2828,0.2031,0.5141,0.5888,0.5601,False,True,2026-09-18,0.3559,False,True,2026-09-18,2026-09-18,2026-09-19,0.1326,0.165,0.2912,,0.685,False,2026-09-18,2026-09-18,0.5916,
League Two,Northampton,Rotherham,2026-09-18,0.7534,0.4844,0.3291,0.2801,0.2592,0.4607,0.5401,0.4125,True,True,2026-09-18,0.474,True,True,2026-09-18,2026-09-18,2026-09-19,0.1161,0.2033,0.2207,2026-09-19T14:00:00+00:00,0.8365,False,2026-09-18,2026-09-18,0.5026,
Scottish League One,Peterhead,Airdrie Utd,2026-09-18,0.7875,0.5244,0.3387,0.4361,0.3011,0.2628,0.5831,0.4427,True,True,2026-09-18,0.3576,True,True,2026-09-18,2026-09-18,2026-09-19,0.2284,0.2244,0.1303,,0.6697,False,2026-09-18,2026-09-18,0.5117,
Scottish League One,East Fife,Montrose,2026-09-18,0.7841,0.6065,0.3532,0.3478,0.2743,0.3779,0.5888,0.5295,False,True,2026-09-18,0.3572,False,True,2026-09-18,2026-09-18,2026-09-19,0.2043,0.2131,0.1714,,0.6715,False,2026-09-18,2026-09-18,0.5521,
Scottish League One,Cove Rangers,Ross County,2026-09-18,0.7823,0.6179,0.354,0.2675,0.2077,0.5248,0.5897,0.49,True,True,2026-09-18,0.3548,True,True,2026-09-18,2026-09-18,2026-09-19,0.1093,0.1724,0.3081,,0.6989,False,2026-09-18,2026-09-18,0.6096,
Scottish League One,Alloa,East Kilbride,2026-09-18,0.7841,0.6069,0.3532,0.3944,0.2781,0.3275,0.5888,0.5284,True,True,2026-09-18,0.3525,True,True,2026-09-18,2026-09-18,2026-09-19,0.2235,0.2074,0.1579,,0.723,False,2026-09-18,2026-09-18,0.6121,
League Two,Grimsby,Crawley Town,2026-09-18,0.7786,0.6821,0.3564,0.708,0.163,0.129,0.5903,0.4907,False,True,2026-09-18,0.4123,False,True,2026-09-18,2026-09-18,2026-09-19,0.3624,0.1442,0.0837,2026-09-19T14:00:00+00:00,0.7868,False,2026-09-18,2026-09-18,0.6026,
Bundesliga,Ein Frankfurt,Freiburg,2026-09-18,0.9472,0.9472,0.6667,0.6234,0.167,0.2096,0.8328,0.7154,False,True,2026-09-18,0.4705,False,True,2026-09-18,2026-09-18,2026-09-19,0.4679,0.1758,0.1891,2026-09-19T13:30:00+00:00,0.8553,False,2026-09-18,2026-09-18,0.7452,
Scottish Premiership,St Mirren,Dundee United,2026-09-18,0.7877,0.5341,0.3411,0.4455,0.2818,0.2727,0.5833,0.4468,False,True,2026-09-18,0.3545,False,True,2026-09-18,2026-09-18,2026-09-19,0.248,0.1935,0.1418,,0.709,False,2026-09-18,2026-09-18,0.5338,
Scottish Premiership,St Johnstone,Falkirk,2026-09-18,0.7743,0.5138,0.336,0.444,0.291,0.265,0.5674,0.4381,False,True,2026-09-18,0.3607,False,True,2026-09-18,2026-09-18,2026-09-19,0.2394,0.1938,0.1341,,0.75,False,2026-09-18,2026-09-18,0.5567,
League Two,Crewe,Shrewsbury,2026-09-18,0.7976,0.5516,0.3455,0.6247,0.2134,0.1619,0.5614,0.4406,False,True,2026-09-18,0.3537,False,True,2026-09-18,2026-09-18,2026-09-19,0.3013,0.1727,0.0873,2026-09-19T14:00:00+00:00,0.6788,False,2026-09-18,2026-09-18,0.5006,
League Two,Rochdale,Oldham,2026-09-18,0.7625,0.4969,0.332,0.2705,0.2502,0.4794,0.5425,0.4222,True,True,2026-09-18,0.384,True,True,2026-09-18,2026-09-18,2026-09-19,0.1061,0.1989,0.2375,2026-09-19T11:30:00+00:00,0.7513,False,2026-09-18,2026-09-18,0.6106,
Eredivisie,Sparta Rotterdam,Heerenveen,2026-09-18,0.793,0.5607,0.3475,0.4002,0.2944,0.3053,0.5899,0.4581,False,True,2026-09-18,0.3574,False,True,2026-09-18,2026-09-18,2026-09-19,0.2144,0.2209,0.1546,2026-09-19T16:45:00+00:00,0.6538,False,2026-09-18,2026-09-18,0.5369,
Bundesliga,Hamburg,FC Koln,2026-09-18,0.7751,0.5099,0.3351,0.2712,0.2542,0.4746,0.558,0.4327,False,True,2026-09-18,0.3607,False,True,2026-09-18,2026-09-18,2026-09-19,0.1128,0.2072,0.238,2026-09-19T13:30:00+00:00,0.6208,False,2026-09-18,2026-09-18,0.5016,
Scottish Premiership,Hibernian,Aberdeen,2026-09-18,0.7831,0.527,0.3393,0.5549,0.2505,0.1945,0.5597,0.4371,False,True,2026-09-18,0.3562,False,True,2026-09-18,2026-09-18,2026-09-19,0.2875,0.1754,0.0968,,0.6893,False,2026-09-18,2026-09-18,0.5097,
League Two,Gillingham,Bristol Rvs,2026-09-18,0.7839,0.6198,0.3542,0.3084,0.2266,0.465,0.5888,0.549,False,True,2026-09-18,0.4128,False,True,2026-09-18,2026-09-18,2026-09-19,0.1833,0.1821,0.2235,2026-09-19T14:00:00+00:00,0.7855,False,2026-09-18,2026-09-18,0.6407,
Scottish Premiership,Dundee,Motherwell,2026-09-18,0.7963,0.5577,0.3468,0.3112,0.2544,0.4344,0.5903,0.4569,False,True,2026-09-18,0.3768,False,True,2026-09-18,2026-09-18,2026-09-19,0.1825,0.2046,0.2032,,0.7785,False,2026-09-18,2026-09-18,0.6118,
League Two,Exeter,Tranmere,2026-09-18,0.7577,0.4902,0.3304,0.43,0.2982,0.2718,0.5504,0.4288,True,True,2026-09-18,0.357,True,True,2026-09-18,2026-09-18,2026-09-19,0.2189,0.2,0.1315,2026-09-19T14:00:00+00:00,0.645,False,2026-09-18,2026-09-18,0.485,
Bundesliga 2,Holstein Kiel,Osnabruck,2026-09-18,0.7774,0.7013,0.357,0.632,0.1836,0.1844,0.5891,0.5574,False,True,2026-09-18,0.3862,False,True,2026-09-18,2026-09-18,2026-09-19,0.3274,0.1514,0.1103,2026-09-19T11:00:00+00:00,0.7564,False,2026-09-18,2026-09-18,0.6342,
Scottish Championship,Stenhousemuir,Arbroath,2026-09-18,0.7639,0.4901,0.3304,0.7018,0.2371,0.0611,0.3094,0.3094,True,True,2026-09-18,0.369,True,True,2026-09-18,2026-09-18,2026-09-19,0.1845,0.1028,0.0221,,0.5095,False,2026-09-18,2026-09-18,0.3996,
Premier League,Everton,Ipswich,2026-09-18,0.7931,0.56,0.3474,0.4343,0.295,0.2707,0.5901,0.4568,False,True,2026-09-18,0.3863,False,True,2026-09-18,2026-09-18,2026-09-19,0.2299,0.2141,0.1461,2026-09-19T14:00:00+00:00,0.7767,False,2026-09-18,2026-09-18,0.6116,
Eredivisie,Ajax,Excelsior,2026-09-18,0.8791,0.7283,0.3606,0.6101,0.2059,0.184,0.5885,0.584,False,True,2026-09-18,0.5293,False,True,2026-09-18,2026-09-18,2026-09-19,0.3193,0.1561,0.1131,2026-09-19T18:00:00+00:00,0.8899,False,2026-09-18,2026-09-18,0.7294,
Premier League,Brighton,Arsenal,2026-09-18,0.8837,0.7393,0.3623,0.5019,0.2415,0.2566,0.6574,0.6363,False,True,2026-09-18,0.3791,False,True,2026-09-18,2026-09-18,2026-09-19,0.2889,0.2023,0.1662,2026-09-19T14:00:00+00:00,0.7656,False,2026-09-18,2026-09-18,0.5545,
Liga I,Gil Vicente,Maritimo,2026-09-18,0.7798,0.6722,0.3561,0.493,0.2261,0.2809,0.5884,0.5884,True,True,2026-09-18,0.4507,True,True,2026-09-18,2026-09-18,2026-09-19,0.2573,0.1693,0.1618,2026-09-19T14:30:00+00:00,0.8027,False,2026-09-18,2026-09-18,0.6106,
Liga I,Nacional,Famalicao,2026-09-18,0.7524,0.485,0.3292,0.3458,0.2908,0.3635,0.5487,0.427,False,True,2026-09-18,0.3583,False,True,2026-09-18,2026-09-18,2026-09-19,0.1638,0.2017,0.1832,2026-09-19T14:30:00+00:00,0.6093,False,2026-09-18,2026-09-18,0.4226,
Poland Ekstraklasa,Motor Lublin,Gornik Zabrze,2026-09-18,0.7817,0.6185,0.3541,0.3344,0.2693,0.3963,0.5885,0.5522,False,True,,,,,2026-09-18,,2026-09-19,0.2007,0.2119,0.1759,2026-09-19T18:15:00+00:00,,True,,,,
Liga I,Alverca,Rio Ave,2026-09-18,0.7608,0.4964,0.3318,0.5429,0.2633,0.1937,0.5351,0.4139,False,True,2026-09-18,0.3557,False,True,2026-09-18,2026-09-18,2026-09-19,0.2658,0.1788,0.0905,2026-09-19T17:00:00+00:00,0.6399,False,2026-09-18,2026-09-18,0.5102,
Bundesliga 2,Dresden,Hertha,2026-09-18,0.8894,0.7887,0.3701,0.3711,0.2148,0.414,0.719,0.6931,False,True,2026-09-18,0.4328,False,True,2026-09-18,2026-09-18,2026-09-19,0.2536,0.2074,0.258,2026-09-19T18:30:00+00:00,0.804,False,2026-09-18,2026-09-18,0.6637,
Scottish Championship,Livingston,Inverness C,2026-09-18,0.7945,0.5321,0.3407,0.6086,0.2657,0.1257,0.555,0.4324,False,True,2026-09-18,0.3547,False,True,2026-09-18,2026-09-18,2026-09-19,0.3038,0.1784,0.0728,,0.7061,False,2026-09-18,2026-09-18,0.416,
Bundesliga,Stuttgart,Dortmund,2026-09-18,0.8705,0.7144,0.3585,0.4996,0.236,0.2644,0.6248,0.619,False,True,2026-09-18,0.4264,False,True,2026-09-18,2026-09-18,2026-09-19,0.2742,0.1882,0.1624,2026-09-19T16:30:00+00:00,0.8192,False,2026-09-18,2026-09-18,0.6923,
League Two,Salford,Swindon,2026-09-18,0.7848,0.5296,0.34,0.4419,0.2847,0.2733,0.5802,0.445,False,True,2026-09-18,0.3525,False,True,2026-09-18,2026-09-18,2026-09-19,0.2445,0.1941,0.1416,2026-09-19T14:00:00+00:00,0.694,False,2026-09-18,2026-09-18,0.5487,
Bundesliga,Werder Bremen,Augsburg,2026-09-18,0.7921,0.5354,0.3415,0.3035,0.2701,0.4265,0.5908,0.4482,False,True,2026-09-18,0.3574,False,True,2026-09-18,2026-09-18,2026-09-19,0.1551,0.2305,0.2053,2026-09-19T13:30:00+00:00,0.6598,False,2026-09-18,2026-09-18,0.51,
Eredivisie,Den Haag,Cambuur,2026-09-18,0.7773,0.6705,0.3561,0.3111,0.246,0.4429,0.6187,0.5986,True,True,2026-09-18,0.3599,True,True,2026-09-18,2026-09-18,2026-09-19,0.1939,0.2041,0.2207,2026-09-19T14:30:00+00:00,0.6253,False,2026-09-18,2026-09-18,0.5939,
Premier League,Nott'm Forest,Coventry,2026-09-18,0.5081,0.364,0.102,0.5911,0.3056,0.1032,0.2528,0.2506,True,True,2026-09-18,0.3593,True,True,2026-09-18,2026-09-18,2026-09-19,0.1123,0.1155,0.0249,2026-09-19T16:30:00+00:00,0.6357,False,2026-09-18,2026-09-18,0.4609,
Premier League,Newcastle,Hull,2026-09-18,0.7047,0.3842,0.1146,0.4218,0.336,0.2422,0.4966,0.3119,True,True,2026-09-18,0.3569,True,True,2026-09-18,2026-09-18,2026-09-19,0.1642,0.2337,0.0988,2026-09-19T14:00:00+00:00,0.6646,False,2026-09-18,2026-09-18,0.3734,
League Two,Walsall,Port Vale,2026-09-18,0.7652,0.5007,0.3329,0.4818,0.2869,0.2313,0.5512,0.4305,False,True,2026-09-18,0.3584,False,True,2026-09-18,2026-09-18,2026-09-19,0.248,0.1906,0.1126,2026-09-19T11:30:00+00:00,0.6294,False,2026-09-18,2026-09-18,0.4878,
Premier League,Tottenham,Aston Villa,2026-09-18,0.7941,0.5337,0.3411,0.306,0.2768,0.4172,0.5907,0.4476,False,True,2026-09-18,0.3631,False,True,2026-09-18,2026-09-18,2026-09-19,0.1499,0.2446,0.1962,2026-09-19T11:30:00+00:00,0.7371,False,2026-09-18,2026-09-18,0.5657,
Championship,Lincoln,Swansea,2026-09-18,0.7821,0.5194,0.3374,0.4096,0.3003,0.2901,0.5797,0.4416,True,True,2026-09-18,0.3748,True,True,2026-09-18,2026-09-18,2026-09-19,0.2085,0.215,0.1562,2026-09-19T14:00:00+00:00,0.751,False,2026-09-18,2026-09-18,0.4799,
USA MLS,CF Montreal,Columbus Crew,2026-09-19,0.7782,0.6148,0.3372,0.3756,0.2651,0.3594,0.5393,0.4897,False,True,,,,,2026-09-19,,2026-09-20,0.186,0.1855,0.1677,2026-09-19T23:30:00+00:00,,,,,,
USA MLS,St. Louis City,Toronto FC,2026-09-19,0.775,0.6286,0.336,0.5022,0.2531,0.2447,0.5458,0.4892,False,True,,,,,2026-09-19,,2026-09-20,0.2722,0.1455,0.1282,2026-09-20T00:30:00+00:00,,,,,,
Argentina Primera Division,Instituto,Talleres Cordoba,2026-09-19,0.8002,0.5413,0.4083,0.4092,0.2999,0.2909,0.5889,0.4494,False,True,,,,,2026-09-19,,2026-09-20,0.2047,0.2186,0.1656,2026-09-20T00:15:00+00:00,,,,,,
Switzerland Super League,Vaduz,Thun,2026-09-19,0.8991,0.8207,0.3639,0.4219,0.2181,0.36,0.8853,0.7852,True,True,,,,,2026-09-19,,2026-09-20,0.4742,0.2342,0.177,2026-09-20T12:00:00+00:00,,,,,,
USA MLS,Sporting Kansas City,Philadelphia Union,2026-09-19,0.7745,0.6306,0.3358,0.2636,0.2181,0.5183,0.5576,0.4842,False,True,,,,,2026-09-19,,2026-09-20,0.2099,0.2875,0.0603,2026-09-20T00:30:00+00:00,,,,,,
La Liga,Ath Madrid,Real Madrid,2026-09-19,0.8607,0.7375,0.4041,0.4279,0.222,0.3501,0.8456,0.6773,False,True,2026-09-19,0.3879,False,True,2026-09-19,2026-09-19,2026-09-20,0.4185,0.2174,0.2098,2026-09-20T14:15:00+00:00,0.7514,False,2026-09-19,2026-09-19,0.6421,
Jupiler League,Kortrijk,Beveren,2026-09-19,0.8048,0.4977,0.363,0.2525,0.2654,0.4821,0.5161,0.3968,True,True,2026-09-19,0.3527,True,True,2026-09-19,2026-09-19,2026-09-20,0.0528,0.2189,0.2444,2026-09-20T17:15:00+00:00,0.6777,False,2026-09-19,2026-09-19,0.4944,
USA MLS,San Jose Earthquakes,Los Angeles FC,2026-09-19,0.7707,0.6444,0.3344,0.3824,0.2548,0.3629,0.6108,0.5244,False,True,,,,,2026-09-19,,2026-09-20,0.2149,0.2046,0.1913,2026-09-19T23:30:00+00:00,,,,,,
USA MLS,Minnesota United,Los Angeles Galaxy,2026-09-19,0.7693,0.6502,0.3338,0.4903,0.2478,0.2619,0.5773,0.5183,False,True,,,,,2026-09-19,,2026-09-20,0.2905,0.1511,0.1357,2026-09-20T00:30:00+00:00,,,,,,
La Liga,Getafe,Malaga,2026-09-19,0.3885,0.3285,0.0572,0.4308,0.3507,0.2185,0.2277,0.1251,True,True,2026-09-19,0.3536,True,True,2026-09-19,2026-09-19,2026-09-20,0.0162,0.1606,0.0509,2026-09-20T12:00:00+00:00,0.6579,False,2026-09-19,2026-09-19,0.3214,
USA MLS,Nashville SC,Chicago Fire,2026-09-19,0.7685,0.6551,0.3352,0.5275,0.2375,0.235,0.5557,0.515,False,True,,,,,2026-09-19,,2026-09-20,0.3066,0.1294,0.1198,2026-09-20T01:30:00+00:00,,,,,,
Switzerland Super League,Lausanne,Lugano,2026-09-19,0.7986,0.545,0.387,0.2423,0.2287,0.5289,0.5691,0.4494,False,True,,,,,2026-09-19,,2026-09-20,0.1017,0.2098,0.2576,2026-09-20T14:30:00+00:00,,,,,,
La Liga,La Coruna,Betis,2026-09-19,0.8048,0.5376,0.4043,0.392,0.2901,0.318,0.5498,0.4494,True,True,2026-09-19,0.4045,True,True,2026-09-19,2026-09-19,2026-09-20,0.1946,0.1871,0.1681,2026-09-20T16:30:00+00:00,0.7723,False,2026-09-19,2026-09-19,0.5905,
Jupiler League,Club Brugge,Genk,2026-09-19,0.8996,0.818,0.3654,0.7882,0.109,0.1029,0.5609,0.5131,False,True,2026-09-19,0.4915,False,True,2026-09-19,2026-09-19,2026-09-20,0.4252,0.0826,0.053,2026-09-20T16:30:00+00:00,0.8627,False,2026-09-19,2026-09-19,0.7335,
USA MLS,Portland Timbers,Atlanta Utd,2026-09-19,0.7756,0.6265,0.3362,0.5194,0.2481,0.2325,0.5532,0.4854,False,True,,,,,2026-09-19,,2026-09-20,0.2887,0.1405,0.124,2026-09-20T02:30:00+00:00,,,,,,
Switzerland Super League,Basel,St. Gallen,2026-09-19,0.7792,0.6144,0.3372,0.3219,0.2512,0.4268,0.5439,0.4887,False,True,,,,,2026-09-19,,2026-09-20,0.18,0.1854,0.1785,2026-09-20T14:30:00+00:00,,,,,,
USA MLS,Houston Dynamo,FC Cincinnati,2026-09-19,0.7814,0.5986,0.3383,0.3758,0.2698,0.3544,0.5495,0.4827,False,True,,,,,2026-09-19,,2026-09-20,0.189,0.1907,0.1698,2026-09-20T00:30:00+00:00,,,,,,
Argentina Primera Division,San Lorenzo,Boca Juniors,2026-09-19,0.7936,0.4822,0.3501,0.2618,0.3117,0.4265,0.5152,0.3867,False,True,,,,,2026-09-19,,2026-09-20,0.084,0.2239,0.2073,2026-09-20T17:45:00+00:00,,,,,,
USA MLS,FC Dallas,Austin FC,2026-09-19,0.7813,0.5997,0.3383,0.5059,0.2585,0.2356,0.5688,0.4742,False,True,,,,,2026-09-19,,2026-09-20,0.2775,0.1574,0.1339,2026-09-20T00:30:00+00:00,,,,,,
USA MLS,Real Salt Lake,Vancouver Whitecaps,2026-09-19,0.8246,0.6863,0.4001,0.3348,0.2323,0.4329,0.7607,0.5888,False,True,,,,,2026-09-19,,2026-09-20,0.3166,0.3006,0.1435,2026-09-20T01:30:00+00:00,,,,,,
Argentina Primera Division,Rosario Central,Argentinos Jrs,2026-09-19,0.8012,0.5401,0.4153,0.4374,0.3015,0.2612,0.5723,0.4494,False,False,,,,,2026-09-19,,2026-09-20,0.2113,0.2105,0.1505,2026-09-20T20:00:00+00:00,,,,,,
Jupiler League,Antwerp,St. Gilloise,2026-09-19,0.8022,0.5402,0.4151,0.2693,0.2153,0.5155,0.5106,0.4389,False,True,2026-09-19,0.3524,False,True,2026-09-19,2026-09-19,2026-09-20,0.0013,0.2067,0.3026,2026-09-20T11:30:00+00:00,0.6803,False,2026-09-19,2026-09-19,0.5082,
Jupiler League,St Truiden,Westerlo,2026-09-19,0.774,0.6591,0.3433,0.5323,0.2333,0.2344,0.5643,0.5202,False,True,2026-09-19,0.4069,False,True,2026-09-19,2026-09-19,2026-09-20,0.3164,0.1274,0.1205,2026-09-20T14:00:00+00:00,0.7886,False,2026-09-19,2026-09-19,0.6698,
Argentina Primera Division,Platense,Newells Old Boys,2026-09-19,0.7977,0.4859,0.3531,0.3886,0.321,0.2904,0.5126,0.3953,False,False,,,,,2026-09-19,,2026-09-20,0.1614,0.2075,0.1438,2026-09-20T20:00:00+00:00,,,,,,
USA MLS,DC United,Charlotte,2026-09-19,0.7907,0.5539,0.3525,0.326,0.2752,0.3988,0.5782,0.4634,False,True,,,,,2026-09-19,,2026-09-20,0.1849,0.205,0.1883,2026-09-19T23:30:00+00:00,,,,,,
Austria Bundesliga,Hartberg,LASK,2026-09-19,0.8702,0.719,0.4125,0.3586,0.2364,0.405,0.8588,0.6593,False,True,,,,,2026-09-19,,2026-09-20,0.3946,0.3163,0.1479,2026-09-20T12:30:00+00:00,,,,,,
USA MLS,Colorado Rapids,Seattle Sounders,2026-09-19,0.7975,0.5459,0.3818,0.4148,0.2881,0.2971,0.6042,0.4495,False,True,,,,,2026-09-19,,2026-09-20,0.2174,0.2124,0.1745,2026-09-20T01:30:00+00:00,,,,,,
Austria Bundesliga,Ried,Wolfsberger AC,2026-09-19,0.8088,0.5116,0.3751,0.366,0.3133,0.3207,0.5164,0.4342,False,True,,,,,2026-09-19,,2026-09-20,0.1582,0.2047,0.1535,2026-09-20T12:30:00+00:00,,,,,,
USA MLS,New England Revolution,Orlando City,2026-09-19,0.7727,0.637,0.3351,0.4094,0.2597,0.3309,0.577,0.5113,False,True,,,,,2026-09-19,,2026-09-20,0.222,0.1868,0.1682,2026-09-19T23:30:00+00:00,,,,,,
Mexico Liga MX,Monterrey,Cruz Azul,2026-09-19,0.8566,0.7034,0.4213,0.4348,0.2383,0.3269,0.8234,0.6261,False,True,,,,,2026-09-19,,2026-09-20,0.3957,0.2164,0.2113,2026-09-20T01:10:00+00:00,,,,,,
La Liga,Valencia,Sociedad,2026-09-19,0.8091,0.5195,0.382,0.3937,0.2968,0.3095,0.5105,0.4444,False,True,2026-09-19,0.3515,False,True,2026-09-19,2026-09-19,2026-09-20,0.185,0.1734,0.1521,2026-09-20T19:00:00+00:00,0.6764,False,2026-09-19,2026-09-19,0.5622,
Liga I,Porto,Benfica,2026-09-19,0.9282,0.9121,0.6225,0.6176,0.1688,0.2137,0.868,0.7893,False,False,2026-09-19,0.5243,False,False,2026-09-19,2026-09-19,2026-09-20,0.5578,0.1462,0.1639,2026-09-20T19:30:00+00:00,0.8466,False,2026-09-19,2026-09-19,0.6685,
Liga I,Guimaraes,Moreirense,2026-09-19,0.8006,0.4995,0.3644,0.4619,0.297,0.2411,0.516,0.4043,False,True,2026-09-19,0.3721,False,True,2026-09-19,2026-09-19,2026-09-20,0.2123,0.1771,0.1265,2026-09-20T14:30:00+00:00,0.7019,False,2026-09-19,2026-09-19,0.537,
Liga I,Estrela,Academico Viseu,2026-09-19,0.8009,0.543,0.399,0.3655,0.2773,0.3571,0.5875,0.4495,True,True,2026-09-19,0.3511,True,True,2026-09-19,2026-09-19,2026-09-20,0.2029,0.1959,0.1888,2026-09-20T14:30:00+00:00,0.6525,False,2026-09-19,2026-09-19,0.5317,
Liga I,Estoril,Casa Pia,2026-09-19,0.8093,0.5205,0.3829,0.5235,0.276,0.2005,0.5156,0.4147,False,True,2026-09-19,0.3896,False,True,2026-09-19,2026-09-19,2026-09-20,0.2373,0.1698,0.1086,2026-09-20T17:00:00+00:00,0.7249,False,2026-09-19,2026-09-19,0.5325,
Bundesliga 2,Hannover,Bochum,2026-09-19,0.7989,0.5451,0.3866,0.4998,0.269,0.2311,0.5752,0.4494,False,True,2026-09-19,0.3884,False,True,2026-09-19,2026-09-19,2026-09-20,0.2483,0.1811,0.1458,2026-09-20T11:30:00+00:00,0.7501,False,2026-09-19,2026-09-19,0.5237,
Bundesliga 2,Cottbus,St Pauli,2026-09-19,0.9181,0.8766,0.3357,0.5942,0.1822,0.2236,0.8636,0.7595,True,True,2026-09-19,0.4145,True,True,2026-09-19,2026-09-19,2026-09-20,0.5423,0.1527,0.1686,2026-09-20T11:30:00+00:00,0.7811,False,2026-09-19,2026-09-19,0.7528,
Denmark Superliga,Brondby,FC Copenhagen,2026-09-19,0.7702,0.642,0.3346,0.304,0.2558,0.4402,0.6035,0.5174,False,True,,,,,2026-09-19,,2026-09-20,0.2154,0.2353,0.1528,2026-09-20T12:00:00+00:00,,,,,,
Norway Eliteserien,Sandefjord,Start,2026-09-19,0.7997,0.5438,0.3946,0.5227,0.2655,0.2118,0.5522,0.4494,False,True,,,,,2026-09-19,,2026-09-20,0.2493,0.1749,0.128,2026-09-20T15:00:00+00:00,,,,,,
Bundesliga 2,Bielefeld,Heidenheim,2026-09-19,0.8625,0.7414,0.4023,0.4114,0.2208,0.3678,0.8535,0.6857,True,True,2026-09-19,0.5164,True,True,2026-09-19,2026-09-19,2026-09-20,0.4229,0.2359,0.1947,2026-09-20T11:30:00+00:00,0.8675,False,2026-09-19,2026-09-19,0.7952,
Norway Eliteserien,Tromso,HamKam,2026-09-19,0.7694,0.6541,0.3334,0.6339,0.1878,0.1783,0.564,0.4871,False,True,,,,,2026-09-19,,2026-09-20,0.3601,0.1117,0.0921,2026-09-20T15:00:00+00:00,,,,,,
Norway Eliteserien,Valerenga,Fredrikstad,2026-09-19,0.7845,0.5895,0.339,0.4531,0.2621,0.2848,0.5661,0.4754,False,True,,,,,2026-09-19,,2026-09-20,0.2319,0.1767,0.1575,2026-09-20T12:30:00+00:00,,,,,,
Norway Eliteserien,Viking,Lillestrom,2026-09-19,0.8548,0.7191,0.4128,0.7337,0.1365,0.1299,0.5555,0.5103,False,True,,,,,2026-09-19,,2026-09-20,0.3885,0.0937,0.0734,2026-09-20T15:00:00+00:00,,,,,,
Poland Ekstraklasa,Jagiellonia,Legia,2026-09-19,0.7743,0.6221,0.3366,0.4422,0.2808,0.2769,0.5349,0.4898,False,True,,,,,2026-09-19,,2026-09-20,0.2236,0.1742,0.1371,2026-09-20T15:30:00+00:00,,,,,,
Bundesliga,Schalke 04,Elversberg,2026-09-19,0.4632,0.3128,0.0827,0.28,0.3241,0.396,0.3023,0.2024,True,True,2026-09-19,0.3567,True,True,2026-09-19,2026-09-19,2026-09-20,0.0552,0.1404,0.1068,2026-09-20T15:30:00+00:00,0.6428,False,2026-09-19,2026-09-19,0.4877,
Poland Ekstraklasa,Lech Poznan,Radomiak Radom,2026-09-19,0.8474,0.6928,0.4144,0.6382,0.191,0.1708,0.5732,0.5331,False,True,,,,,2026-09-19,,2026-09-20,0.3732,0.1086,0.0913,2026-09-20T18:15:00+00:00,,,,,,
Denmark Superliga,Horsens,Aarhus,2026-09-19,0.7754,0.6222,0.3367,0.3231,0.2665,0.4104,0.5382,0.4925,True,True,,,,,2026-09-19,,2026-09-20,0.1748,0.1932,0.1702,2026-09-20T14:00:00+00:00,,,,,,
Bundesliga,Paderborn,Hoffenheim,2026-09-19,0.7596,0.4147,0.3285,0.2739,0.2499,0.4762,0.4676,0.2804,True,True,2026-09-19,0.3567,True,True,2026-09-19,2026-09-19,2026-09-20,0.0576,0.1795,0.2305,2026-09-20T17:30:00+00:00,0.6397,False,2026-09-19,2026-09-19,0.4193,
Liga I,Santa Clara,Sp Braga,2026-09-19,0.7733,0.6434,0.3345,0.3775,0.2363,0.3862,0.5805,0.523,False,True,2026-09-19,0.4006,False,True,2026-09-19,2026-09-19,2026-09-20,0.207,0.1831,0.1904,2026-09-20T17:00:00+00:00,0.7383,False,2026-09-19,2026-09-19,0.5043,
Championship,Wolves,West Brom,2026-09-19,0.7897,0.664,0.3532,0.5404,0.2343,0.2253,0.5817,0.5244,True,True,2026-09-19,0.5095,True,True,2026-09-19,2026-09-19,2026-09-20,0.3316,0.1303,0.1198,2026-09-20T11:00:00+00:00,0.8766,False,2026-09-19,2026-09-19,0.7328,
Ligi 1,Amedspor,Besiktas,2026-09-19,0.9545,0.8583,0.6922,0.67,0.1464,0.1835,0.9029,0.8583,True,True,2026-09-19,0.4098,True,True,2026-09-19,2026-09-19,2026-09-20,0.5348,0.1691,0.1991,2026-09-20T17:00:00+00:00,0.7909,False,2026-09-19,2026-09-19,0.726,
Championship,Norwich,Bolton,2026-09-19,0.7895,0.5561,0.3506,0.5469,0.255,0.198,0.6039,0.4495,True,True,2026-09-19,0.4508,True,True,2026-09-19,2026-09-19,2026-09-20,0.3118,0.1683,0.1238,2026-09-20T12:30:00+00:00,0.8291,False,2026-09-19,2026-09-19,0.6627,
Mexico Liga MX,Club America,Guadalajara Chivas,2026-09-19,0.7752,0.6257,0.3363,0.4974,0.2586,0.244,0.5464,0.4877,False,True,,,,,2026-09-19,,2026-09-20,0.2677,0.1501,0.1287,2026-09-20T03:15:00+00:00,,,,,,
Mexico Liga MX,Atlas,UNAM Pumas,2026-09-19,0.7974,0.5456,0.3836,0.3705,0.289,0.3406,0.6003,0.4495,False,True,,,,,2026-09-19,,2026-09-20,0.1997,0.2192,0.1814,2026-09-19T23:00:00+00:00,,,,,,
Mexico Liga MX,Atl. San Luis,Necaxa,2026-09-19,0.7727,0.6351,0.3353,0.4051,0.2643,0.3305,0.5773,0.5086,False,True,,,,,2026-09-19,,2026-09-20,0.2173,0.1913,0.1686,2026-09-19T23:00:00+00:00,,,,,,
Ligue 1,Nice,Lille,2026-09-19,0.8112,0.503,0.3676,0.2517,0.2569,0.4914,0.5153,0.3999,False,True,2026-09-19,0.3552,False,True,2026-09-19,2026-09-19,2026-09-20,0.0432,0.2208,0.2512,2026-09-20T15:15:00+00:00,0.7139,False,2026-09-19,2026-09-19,0.4948,
Ligue 1,Marseille,Paris SG,2026-09-19,0.8259,0.6858,0.3992,0.3498,0.2365,0.4137,0.7661,0.5891,False,True,2026-09-19,0.3861,False,True,2026-09-19,2026-09-19,2026-09-20,0.3089,0.2907,0.1665,2026-09-20T18:45:00+00:00,0.7566,False,2026-09-19,2026-09-19,0.6691,
Ligue 1,Auxerre,Brest,2026-09-19,0.775,0.6271,0.3362,0.4076,0.2658,0.3266,0.544,0.496,False,True,2026-09-19,0.4498,False,True,2026-09-19,2026-09-19,2026-09-20,0.2024,0.182,0.1596,2026-09-20T13:00:00+00:00,0.8229,False,2026-09-19,2026-09-19,0.6226,
Ligi 1,Goztep,Rizespor,2026-09-19,0.8305,0.6874,0.4025,0.5596,0.2203,0.2202,0.6583,0.5583,False,True,2026-09-19,0.3866,False,True,2026-09-19,2026-09-19,2026-09-20,0.3929,0.134,0.1314,2026-09-20T17:00:00+00:00,0.7625,False,2026-09-19,2026-09-19,0.6423,
Ligi 1,Fenerbahce,Eyupspor,2026-09-19,0.7813,0.5986,0.3383,0.7606,0.1634,0.076,0.5107,0.4494,False,True,2026-09-19,0.3657,False,True,2026-09-19,2026-09-19,2026-09-20,0.3622,0.1079,0.0405,2026-09-20T14:00:00+00:00,0.7337,False,2026-09-19,2026-09-19,0.625,
Ligi 1,Erzurumspor,Samsunspor,2026-09-19,0.7471,0.3844,0.3202,0.2577,0.256,0.4862,0.5204,0.2844,True,True,2026-09-19,0.3554,True,True,2026-09-19,2026-09-19,2026-09-20,0.0759,0.2092,0.2353,2026-09-20T14:00:00+00:00,0.6515,False,2026-09-19,2026-09-19,0.4049,
Austria Bundesliga,Salzburg,Sturm Graz,2026-09-19,0.8598,0.7023,0.4232,0.5308,0.2305,0.2388,0.7531,0.5914,False,True,,,,,2026-09-19,,2026-09-20,0.4358,0.1632,0.1541,2026-09-20T15:00:00+00:00,,,,,,
Premier League,Bournemouth,Liverpool,2026-09-19,0.7761,0.6501,0.3338,0.3947,0.2717,0.3337,0.6555,0.5324,False,True,2026-09-19,0.349,False,True,2026-09-19,2026-09-19,2026-09-20,0.2464,0.2212,0.1879,2026-09-20T13:00:00+00:00,0.7168,False,2026-09-19,2026-09-19,0.6073,
Serie A,Fiorentina,Napoli,2026-09-19,0.7959,0.5489,0.3638,0.2628,0.2283,0.5088,0.5877,0.4495,False,True,2026-09-19,0.3649,False,True,2026-09-19,2026-09-19,2026-09-20,0.123,0.2331,0.2316,2026-09-20T10:30:00+00:00,0.732,False,2026-09-19,2026-09-19,0.5532,
Serie A,Frosinone,Como,2026-09-19,0.7989,0.5454,0.385,0.258,0.2598,0.4822,0.594,0.4495,False,True,2026-09-19,0.3904,False,True,2026-09-19,2026-09-19,2026-09-20,0.1602,0.2026,0.2312,2026-09-20T13:00:00+00:00,0.7664,False,2026-09-19,2026-09-19,0.5852,
Serie A,Juventus,Atalanta,2026-09-19,0.7915,0.5601,0.3475,0.2455,0.2421,0.5124,0.5914,0.4611,False,True,2026-09-19,0.3566,False,True,2026-09-19,2026-09-19,2026-09-20,0.1729,0.204,0.2146,2026-09-20T16:00:00+00:00,0.6392,False,2026-09-19,2026-09-19,0.4841,
Eredivisie,Nijmegen,Go Ahead Eagles,2026-09-19,0.8014,0.6647,0.3549,0.4058,0.2649,0.3293,0.705,0.5546,False,True,2026-09-19,0.3832,False,True,2026-09-19,2026-09-19,2026-09-20,0.2867,0.2239,0.1943,2026-09-20T14:45:00+00:00,0.7559,False,2026-09-19,2026-09-19,0.66,
Brazil Serie A,Gremio,Palmeiras,2026-09-19,0.8018,0.5403,0.414,0.3008,0.2869,0.4124,0.5765,0.4494,False,True,,,,,2026-09-19,,2026-09-20,0.1655,0.2142,0.1968,2026-09-20T14:00:00+00:00,,,,,,
Serie A,Milan,Lecce,2026-09-19,0.8019,0.5415,0.4077,0.5097,0.2691,0.2213,0.5395,0.4494,False,True,2026-09-19,0.3528,False,True,2026-09-19,2026-09-19,2026-09-20,0.2384,0.1719,0.1292,2026-09-20T18:45:00+00:00,0.6753,False,2026-09-19,2026-09-19,0.5099,
Serie A,Parma,Genoa,2026-09-19,0.6391,0.3026,0.2961,0.3304,0.3331,0.3365,0.4329,0.2518,False,True,2026-09-19,0.3708,False,True,2026-09-19,2026-09-19,2026-09-20,0.054,0.2198,0.1591,2026-09-20T13:00:00+00:00,0.4555,False,2026-09-19,2026-09-19,0.3243,
Serie B,Arezzo,Sudtirol,2026-09-19,0.804,0.5368,0.4007,0.4547,0.3023,0.243,0.5404,0.4494,True,True,2026-09-19,0.0433,True,True,2026-09-19,2026-09-19,2026-09-20,0.2094,0.1955,0.1354,2026-09-20T13:00:00+00:00,0.277,False,2026-09-19,2026-09-19,0.2505,
Eredivisie,Twente,PSV Eindhoven,2026-09-19,0.9634,0.8748,0.7192,0.2627,0.1792,0.5581,0.9652,0.7682,False,True,2026-09-19,0.5796,False,True,2026-09-19,2026-09-19,2026-09-20,0.2583,0.1994,0.5075,2026-09-20T12:30:00+00:00,0.9124,False,2026-09-19,2026-09-19,0.7731,
Brazil Serie A,Flamengo RJ,Bragantino,2026-09-19,0.769,0.6519,0.3336,0.6688,0.1806,0.1507,0.5826,0.4767,False,False,,,,,2026-09-19,,2026-09-20,0.3868,0.1127,0.0831,2026-09-20T21:30:00+00:00,,,,,,
Serie B,Mantova,Pisa,2026-09-19,0.8791,0.7464,0.3997,0.3319,0.2273,0.4408,0.8646,0.6885,False,True,2026-09-19,0.5271,False,True,2026-09-19,2026-09-19,2026-09-20,0.4111,0.3678,0.0857,2026-09-20T15:15:00+00:00,0.8736,False,2026-09-19,2026-09-19,0.7002,
Serie B,Modena,Empoli,2026-09-19,0.7825,0.5887,0.339,0.5449,0.2513,0.2038,0.5875,0.4629,False,True,2026-09-19,0.3505,False,True,2026-09-19,2026-09-19,2026-09-20,0.3145,0.1531,0.1199,2026-09-20T17:30:00+00:00,0.6818,False,2026-09-19,2026-09-19,0.4922,
La Liga 2,Sabadell,Oviedo,2026-09-19,0.7639,0.4397,0.3358,0.4712,0.3057,0.2231,0.5296,0.345,True,True,2026-09-19,0.3501,True,True,2026-09-19,2026-09-19,2026-09-20,0.2239,0.205,0.1007,2026-09-20T12:00:00+00:00,0.6813,False,2026-09-19,2026-09-19,0.2463,
La Liga 2,Leganes,Granada,2026-09-19,0.8026,0.5405,0.413,0.3725,0.2834,0.3441,0.5713,0.4494,False,True,2026-09-19,0.3566,False,True,2026-09-19,2026-09-19,2026-09-20,0.1976,0.1934,0.1804,2026-09-20T19:00:00+00:00,0.6225,False,2026-09-19,2026-09-19,0.4262,
La Liga 2,Las Palmas,Burgos,2026-09-19,0.727,0.3572,0.3132,0.3546,0.3223,0.3231,0.5347,0.3056,False,True,2026-09-19,0.3511,False,True,2026-09-19,2026-09-19,2026-09-20,0.1129,0.2407,0.1812,2026-09-20T16:30:00+00:00,0.6735,False,2026-09-19,2026-09-19,0.4062,
La Liga 2,Ceuta,Valladolid,2026-09-19,0.8043,0.5385,0.4079,0.4842,0.283,0.2329,0.528,0.4494,False,True,2026-09-19,0.362,False,True,2026-09-19,2026-09-19,2026-09-20,0.224,0.1722,0.1319,2026-09-20T14:15:00+00:00,0.7093,False,2026-09-19,2026-09-19,0.4716,
Brazil Serie A,Corinthians,Fluminense,2026-09-19,0.7993,0.5435,0.3961,0.3827,0.29,0.3274,0.6018,0.4495,False,True,,,,,2026-09-19,,2026-09-20,0.205,0.2163,0.1804,2026-09-20T19:00:00+00:00,,,,,,
La Liga 2,Almeria,Celta B,2026-09-19,0.9337,0.9337,0.6362,0.6654,0.1477,0.1869,0.8561,0.7693,True,True,2026-09-19,0.4961,True,True,2026-09-19,2026-09-19,2026-09-20,0.496,0.1691,0.191,2026-09-20T16:30:00+00:00,0.8563,False,2026-09-19,2026-09-19,0.747,
La Liga,Villarreal,Levante,2026-09-19,0.8059,0.6812,0.389,0.5955,0.1968,0.2076,0.5793,0.5391,False,True,2026-09-19,0.4678,False,True,2026-09-19,2026-09-19,2026-09-20,0.3564,0.1132,0.1097,2026-09-20T16:30:00+00:00,0.8322,False,2026-09-19,2026-09-19,0.708,
Premier League,Fulham,Man United,2026-09-19,0.7749,0.6191,0.3369,0.4108,0.2828,0.3064,0.5366,0.4903,False,True,2026-09-19,0.3538,False,True,2026-09-19,2026-09-19,2026-09-20,0.1985,0.1883,0.1498,2026-09-20T15:30:00+00:00,0.6735,False,2026-09-19,2026-09-19,0.57,
Bundesliga,Leverkusen,RB Leipzig,2026-09-19,0.9304,0.8934,0.6134,0.6367,0.1714,0.1918,0.8474,0.7284,False,True,2026-09-19,0.5264,False,True,2026-09-19,2026-09-19,2026-09-20,0.5559,0.1414,0.1501,2026-09-20T13:30:00+00:00,0.8937,False,2026-09-19,2026-09-19,0.7248,
Premier League,Leeds,Crystal Palace,2026-09-19,0.7927,0.5479,0.3699,0.4335,0.2962,0.2703,0.5906,0.4516,False,True,2026-09-19,0.3598,False,True,2026-09-19,2026-09-19,2026-09-20,0.2127,0.2175,0.1603,2026-09-20T13:00:00+00:00,0.611,False,2026-09-19,2026-09-19,0.472,
Denmark Superliga,Sonderjyske,Randers FC,2026-09-19,0.8075,0.5197,0.3823,0.3587,0.3089,0.3324,0.5283,0.4463,False,True,,,,,2026-09-19,,2026-09-20,0.1608,0.2057,0.1618,2026-09-20T12:00:00+00:00,,,,,,
Premier League,Man City,Sunderland,2026-09-19,0.7778,0.6072,0.3377,0.645,0.2116,0.1434,0.6059,0.4538,False,True,2026-09-19,0.3558,False,True,2026-09-19,2026-09-19,2026-09-20,0.3769,0.1386,0.0905,2026-09-20T13:00:00+00:00,0.7226,False,2026-09-19,2026-09-19,0.5558,
Eredivisie,Feyenoord,Utrecht,2026-09-19,0.8997,0.7838,0.3817,0.5376,0.2244,0.238,0.8434,0.6669,False,True,2026-09-19,0.4817,False,True,2026-09-19,2026-09-19,2026-09-20,0.4925,0.178,0.173,2026-09-20T10:15:00+00:00,0.8531,False,2026-09-19,2026-09-19,0.7538,
Brazil Serie A,Vitoria,Cruzeiro,2026-09-19,0.8026,0.5393,0.4116,0.3181,0.2898,0.3921,0.5706,0.4494,False,True,,,,,2026-09-19,,2026-09-20,0.1706,0.2114,0.1886,2026-09-20T19:00:00+00:00,,,,,,
Scottish Premiership,Celtic,Rangers,2026-09-19,0.9375,0.9375,0.646,0.573,0.1848,0.2421,0.9044,0.8943,False,True,2026-09-19,0.5448,False,True,2026-09-19,2026-09-19,2026-09-20,0.5517,0.1632,0.1895,,0.9214,False,2026-09-19,2026-09-19,0.7677,
Brazil Serie A,Vasco,Coritiba,2026-09-19,0.7732,0.6354,0.3353,0.472,0.2555,0.2725,0.5345,0.4989,False,True,,,,,2026-09-19,,2026-09-20,0.2507,0.1511,0.1327,2026-09-19T23:30:00+00:00,,,,,,
Brazil Serie A,Sao Paulo,Internacional,2026-09-19,0.7934,0.5491,0.3626,0.4731,0.2808,0.2461,0.5993,0.4524,False,True,,,,,2026-09-19,,2026-09-20,0.2401,0.199,0.1602,2026-09-20T00:00:00+00:00,,,,,,
Denmark Superliga,Viborg,Nordsjaelland,2026-09-19,0.7769,0.6152,0.3372,0.2872,0.2641,0.4487,0.54,0.4878,False,True,,,,,2026-09-19,,2026-09-20,0.1789,0.2047,0.1564,2026-09-20T16:00:00+00:00,,,,,,
Eredivisie,AZ Alkmaar,Telstar,2026-09-19,0.7737,0.6256,0.3363,0.5521,0.2468,0.2011,0.5611,0.4789,False,True,2026-09-19,0.3866,False,True,2026-09-19,2026-09-19,2026-09-20,0.3141,0.1385,0.1086,2026-09-20T12:30:00+00:00,0.7603,False,2026-09-19,2026-09-19,0.6467,
Argentina Primera Division,Velez Sarsfield,Tigre,2026-09-20,0.8062,0.4948,0.3731,0.4644,0.3077,0.2279,0.514,0.3975,False,False,,,,,2026-09-20,,2026-09-21,0.2049,0.2117,0.0974,2026-09-21T00:30:00+00:00,,,,,,
USA MLS,Inter Miami,San Diego FC,2026-09-20,0.9273,0.8836,0.6194,0.61,0.1989,0.1911,0.7022,0.6585,False,False,,,,,2026-09-20,,2026-09-21,0.3581,0.1872,0.1569,2026-09-20T23:00:00+00:00,,,,,,
Romania Superliga,Petrolul,Csikszereda M. Ciuc,2026-09-20,0.8101,0.5141,0.3947,0.5417,0.288,0.1702,0.5208,0.3931,False,False,,,,,2026-09-20,,2026-09-21,0.1935,0.2657,0.0616,2026-09-21T18:00:00+00:00,,,,,,
Romania Superliga,Otelul,Corvinul,2026-09-20,0.7835,0.4772,0.3555,0.3615,0.3091,0.3294,0.5169,0.3876,True,False,,,,,2026-09-20,,2026-09-21,0.1832,0.1999,0.1339,2026-09-21T15:00:00+00:00,,,,,,
Mexico Liga MX,Toluca,Santos Laguna,2026-09-20,0.8381,0.6738,0.3829,0.7166,0.183,0.1004,0.5975,0.4794,False,False,,,,,2026-09-20,,2026-09-21,0.3549,0.1744,0.0682,2026-09-21T00:00:00+00:00,,,,,,
Southern League Central,Redditch United,Racing Club Warwick,2026-09-20,0.777,0.636,0.3134,0.6036,0.2247,0.1717,0.5958,0.4715,True,False,2026-09-20,0.339,True,False,2026-09-20,2026-09-20,2026-09-21,0.3039,0.2006,0.0913,,0.7364,False,2026-09-20,2026-09-20,0.5926,
Brazil Serie A,Athletico-PR,Bahia,2026-09-20,0.7931,0.6535,0.3247,0.4692,0.2554,0.2753,0.6008,0.524,False,False,,,,,2026-09-20,,2026-09-21,0.2547,0.1917,0.1545,2026-09-20T22:30:00+00:00,,,,,,
Mexico Liga MX,Queretaro,Club Leon,2026-09-20,0.7999,0.5392,0.4134,0.4998,0.2872,0.213,0.5739,0.4496,False,False,,,,,2026-09-20,,2026-09-21,0.2321,0.2154,0.1264,2026-09-21T02:10:00+00:00,,,,,,
Mexico Liga MX,Pachuca,Club Tijuana,2026-09-20,0.7948,0.5396,0.378,0.537,0.2698,0.1931,0.5858,0.4484,False,False,,,,,2026-09-20,,2026-09-21,0.2601,0.2158,0.1099,2026-09-21T00:00:00+00:00,,,,,,
Northern Premier League,Leek Town,Hyde United,2026-09-20,0.8193,0.6765,0.3577,0.4869,0.2438,0.2693,0.603,0.5281,False,False,2026-09-20,0.3931,False,False,2026-09-20,2026-09-20,2026-09-22,0.2742,0.182,0.1468,,0.723,False,2026-09-20,2026-09-20,0.5662,
Northern Premier League,Cleethorpes Town,Redcar Athletic,2026-09-20,0.8054,0.5352,0.4286,0.3013,0.2533,0.4454,0.5496,0.4514,True,False,2026-09-20,0.3401,True,False,2026-09-20,2026-09-20,2026-09-22,0.1751,0.2005,0.174,,0.705,False,2026-09-20,2026-09-20,0.5492,
Isthmian League,Three Bridges,Leatherhead,2026-09-20,0.9608,0.8811,0.7354,0.3029,0.1686,0.5285,0.7,0.7,True,False,2026-09-20,0.522,True,False,2026-09-20,2026-09-20,2026-09-22,0.1808,0.1417,0.3775,,0.8714,False,2026-09-20,2026-09-20,0.8193,
Isthmian League,Brentwood Town,Maldon & Tiptree,2026-09-20,0.9504,0.9124,0.6242,0.6309,0.1861,0.183,0.7,0.7,True,False,2026-09-20,0.5301,True,False,2026-09-20,2026-09-20,2026-09-22,0.3961,0.1599,0.144,,0.8783,False,2026-09-20,2026-09-20,0.7622,
USA MLS,Seattle Sounders,Real Salt Lake,2026-09-20,0.7992,0.5431,0.3785,0.4519,0.2836,0.2645,0.5982,0.4526,False,False,,,,,2026-09-20,,2026-09-24,0.2195,0.2115,0.1672,2026-09-24T01:30:00+00:00,,,,,,
